DrainI(1),DrainV(1),GateI(1),GateV(1),IDRAIN(1),IGATE(1),IDMAX(1),RD(1),IGLEAK(1),DrainI(2),DrainV(2),GateI(2),GateV(2),IDRAIN(2),IGATE(2),IDMAX(2),RD(2),IGLEAK(2),DrainI(3),DrainV(3),GateI(3),GateV(3),IDRAIN(3),IGATE(3),IDMAX(3),RD(3),IGLEAK(3),DrainI(4),DrainV(4),GateI(4),GateV(4),IDRAIN(4),IGATE(4),IDMAX(4),RD(4),IGLEAK(4),DrainI(5),DrainV(5),GateI(5),GateV(5),IDRAIN(5),IGATE(5),IDMAX(5),RD(5),IGLEAK(5),DrainI(6),DrainV(6),GateI(6),GateV(6),IDRAIN(6),IGATE(6),IDMAX(6),RD(6),IGLEAK(6),DrainI(7),DrainV(7),GateI(7),GateV(7),IDRAIN(7),IGATE(7),IDMAX(7),RD(7),IGLEAK(7),DrainI(8),DrainV(8),GateI(8),GateV(8),IDRAIN(8),IGATE(8),IDMAX(8),RD(8),IGLEAK(8),DrainI(9),DrainV(9),GateI(9),GateV(9),IDRAIN(9),IGATE(9),IDMAX(9),RD(9),IGLEAK(9),DrainI(10),DrainV(10),GateI(10),GateV(10),IDRAIN(10),IGATE(10),IDMAX(10),RD(10),IGLEAK(10),DrainI(11),DrainV(11),GateI(11),GateV(11),IDRAIN(11),IGATE(11),IDMAX(11),RD(11),IGLEAK(11),DrainI(12),DrainV(12),GateI(12),GateV(12),IDRAIN(12),IGATE(12),IDMAX(12),RD(12),IGLEAK(12),DrainI(13),DrainV(13),GateI(13),GateV(13),IDRAIN(13),IGATE(13),IDMAX(13),RD(13),IGLEAK(13),DrainI(14),DrainV(14),GateI(14),GateV(14),IDRAIN(14),IGATE(14),IDMAX(14),RD(14),IGLEAK(14),DrainI(15),DrainV(15),GateI(15),GateV(15),IDRAIN(15),IGATE(15),IDMAX(15),RD(15),IGLEAK(15),,,,,,,,,,,,,,,,,,,,,,,,,,,,,,,,,,,,,,,,,,,,,,,,,,,,,,,,,,,,,,,,,,,,,,,,,,,,,,,,,,,,,,,,,,,,,,,,,,,,,,,,,,,,,,,,,,,,,,,,,
377.2840E-9,-15.8914E-6,-2.7721E-6,-5.0000E+0,8.3840E-3,-55.4415E-3,60.1165E-3,#REF,-105.3377E-3,243.0465E-9,-43.4361E-6,-1.9964E-6,-4.5000E+0,5.4010E-3,-39.9275E-3,56.5656E-3,#REF,-85.7986E-3,139.6998E-9,-64.3031E-6,-1.2416E-6,-4.0000E+0,3.1044E-3,-24.8329E-3,53.1751E-3,#REF,-69.8653E-3,59.6750E-9,81.7664E-6,-683.9800E-9,-3.5000E+0,1.3261E-3,-13.6796E-3,55.4977E-3,#REF,-57.7896E-3,-1.7441E-6,-198.6872E-6,-403.0499E-9,-3.0000E+0,-38.7584E-3,-8.0610E-3,65.3756E+0,#REF,-45.9654E-3,274.7798E-12,-57.6257E-6,-390.4697E-9,-2.5000E+0,6.1062E-6,-7.8094E-3,226.8432E+0,#REF,-34.0574E-3,1.9724E-9,-55.1216E-6,-260.4902E-9,-2.0000E+0,43.8315E-6,-5.2098E-3,397.5519E+0,#REF,-27.1809E-3,2.1729E-9,-55.1216E-6,-294.0324E-9,-1.5000E+0,48.2857E-6,-5.8806E-3,563.8911E+0,#REF,-19.5497E-3,1.0501E-9,-57.6257E-6,-193.4022E-9,-1.0000E+0,23.3342E-6,-3.8680E-3,721.4810E+0,#REF,-14.7698E-3,398.0280E-12,-61.7990E-6,-247.9101E-9,-500.0000E-3,8.8450E-6,-4.9582E-3,868.8164E+0,#REF,-12.0024E-3,675.3174E-12,-53.4522E-6,-281.4540E-9,000.0000E+0,15.0069E-6,-5.6291E-3,1.0077E+3,#REF,-9.9897E-3,62.4953E-12,-55.9563E-6,-264.6811E-9,500.0000E-3,1.3888E-6,-5.2936E-3,1.1303E+3,#REF,-5.8806E-3,-488.1666E-12,-46.7747E-6,-260.4902E-9,1.0000E+0,-10.8480E-6,-5.2098E-3,1.2365E+3,#REF,-6.2161E-3,-2.2483E-9,-46.7747E-6,620.0335E-9,1.5000E+0,-49.9625E-6,12.4007E-3,1.3256E+3,#REF,-8.8996E-3,-1.6642E-6,2.4715E-6,21.8322E-6,2.0000E+0,-36.9813E-3,436.6449E-3,1.3966E+3,#REF,-9.8220E-3,,,,,,,,,,,,,,,,,,,,,,,,,,,,,,,,,,,,,,,,,,,,,,,,,,,,,,,,,,,,,,,,,,,,,,,,,,,,,,,,,,,,,,,,,,,,,,,,,,,,,,,,,,,,,,,,,,,,,,,,,
401.3661E-9,100.0051E-3,-2.7134E-6,-5.0000E+0,8.9192E-3,-54.2675E-3,,4.1533E+6,,262.7746E-9,99.9683E-3,-2.0509E-6,-4.5000E+0,5.8394E-3,-41.0177E-3,,5.0695E+6,,163.8127E-9,99.9525E-3,-1.1955E-6,-4.0000E+0,3.6402E-3,-23.9104E-3,,4.1479E+6,,99.8143E-9,99.9491E-3,-725.9096E-9,-3.5000E+0,2.2181E-3,-14.5182E-3,,2.4880E+6,,528.9135E-6,100.0668E-3,-444.9794E-9,-3.0000E+0,11.7535E+0,-8.8996E-3,,188.9458E+0,,1.5242E-3,99.9909E-3,-361.1203E-9,-2.5000E+0,33.8716E+0,-7.2224E-3,,65.6384E+0,,1.8960E-3,100.0051E-3,-210.1733E-9,-2.0000E+0,42.1332E+0,-4.2035E-3,,52.7740E+0,,2.0573E-3,100.0034E-3,-193.4022E-9,-1.5000E+0,45.7182E+0,-3.8680E-3,,48.6349E+0,,2.1895E-3,100.0134E-3,-113.7341E-9,-1.0000E+0,48.6544E+0,-2.2747E-3,,45.7056E+0,,2.2542E-3,100.0092E-3,-264.6811E-9,-500.0000E-3,50.0921E+0,-5.2936E-3,,44.3938E+0,,2.3033E-3,100.0142E-3,-239.5245E-9,000.0000E+0,51.1849E+0,-4.7905E-3,,43.4445E+0,,2.3428E-3,100.0076E-3,-264.6811E-9,500.0000E-3,52.0626E+0,-5.2936E-3,,42.7103E+0,,2.3862E-3,100.0218E-3,-218.5607E-9,1.0000E+0,53.0257E+0,-4.3712E-3,,41.9367E+0,,2.4189E-3,100.0142E-3,393.6129E-9,1.5000E+0,53.7527E+0,7.8723E-3,,41.3663E+0,,2.4892E-3,100.0209E-3,16.5407E-6,2.0000E+0,55.3154E+0,330.8144E-3,,40.1538E+0,,,,,,,,,,,,,,,,,,,,,,,,,,,,,,,,,,,,,,,,,,,,,,,,,,,,,,,,,,,,,,,,,,,,,,,,,,,,,,,,,,,,,,,,,,,,,,,,,,,,,,,,,,,,,,,,,,,,,,,,,,
423.9573E-9,200.0619E-3,-2.7218E-6,-5.0000E+0,9.4212E-3,-54.4352E-3,,4.4290E+6,,286.9042E-9,200.0344E-3,-2.0215E-6,-4.5000E+0,6.3756E-3,-40.4307E-3,,4.1470E+6,,184.6598E-9,200.0210E-3,-1.1704E-6,-4.0000E+0,4.1035E-3,-23.4073E-3,,4.8001E+6,,119.3639E-9,200.0177E-3,-696.5583E-9,-3.5000E+0,2.6525E-3,-13.9312E-3,,5.1187E+6,,820.9955E-6,200.1662E-3,-461.7523E-9,-3.0000E+0,18.2442E+0,-9.2350E-3,,342.7099E+0,,2.9375E-3,200.0744E-3,-390.4697E-9,-2.5000E+0,65.2764E+0,-7.8094E-3,,70.8189E+0,,3.7496E-3,200.1003E-3,-214.3661E-9,-2.0000E+0,83.3226E+0,-4.2873E-3,,54.0022E+0,,4.0935E-3,200.0986E-3,-205.9805E-9,-1.5000E+0,90.9663E+0,-4.1196E-3,,49.1583E+0,,4.3654E-3,200.1145E-3,-117.9287E-9,-1.0000E+0,97.0077E+0,-2.3586E-3,,46.0040E+0,,4.4989E-3,200.1036E-3,-231.1390E-9,-500.0000E-3,99.9741E+0,-4.6228E-3,,44.5912E+0,,4.5992E-3,200.1053E-3,-252.1028E-9,000.0000E+0,102.2031E+0,-5.0421E-3,,43.5967E+0,,4.6792E-3,200.1070E-3,-264.6811E-9,500.0000E-3,103.9811E+0,-5.2936E-3,,42.8443E+0,,4.7672E-3,200.1128E-3,-193.4022E-9,1.0000E+0,105.9375E+0,-3.8680E-3,,42.0364E+0,,4.8324E-3,200.1162E-3,221.7021E-9,1.5000E+0,107.3865E+0,4.4340E-3,,41.4751E+0,,4.9805E-3,200.1253E-3,12.9180E-6,2.0000E+0,110.6767E+0,258.3600E-3,,40.1819E+0,,,,,,,,,,,,,,,,,,,,,,,,,,,,,,,,,,,,,,,,,,,,,,,,,,,,,,,,,,,,,,,,,,,,,,,,,,,,,,,,,,,,,,,,,,,,,,,,,,,,,,,,,,,,,,,,,,,,,,,,,,
446.2183E-9,299.7832E-3,-2.8056E-6,-5.0000E+0,9.9159E-3,-56.1124E-3,,4.4797E+6,,310.7478E-9,299.7824E-3,-2.0760E-6,-4.5000E+0,6.9054E-3,-41.5208E-3,,4.1834E+6,,204.1714E-9,299.7415E-3,-1.2458E-6,-4.0000E+0,4.5371E-3,-24.9167E-3,,5.1108E+6,,140.2597E-9,299.7373E-3,-734.2933E-9,-3.5000E+0,3.1169E-3,-14.6859E-3,,4.7722E+6,,926.3499E-6,299.7749E-3,-520.4529E-9,-3.0000E+0,20.5853E+0,-10.4091E-3,,945.4627E+0,,4.1951E-3,299.8249E-3,-369.5059E-9,-2.5000E+0,93.2240E+0,-7.3901E-3,,79.3147E+0,,5.5362E-3,299.8633E-3,-289.8414E-9,-2.0000E+0,123.0253E+0,-5.7968E-3,,55.8384E+0,,6.0907E-3,299.8600E-3,-243.7173E-9,-1.5000E+0,135.3474E+0,-4.8743E-3,,49.9514E+0,,6.5107E-3,299.8750E-3,-130.5070E-9,-1.0000E+0,144.6816E+0,-2.6101E-3,,46.5009E+0,,6.7185E-3,299.8734E-3,-252.1028E-9,-500.0000E-3,149.2990E+0,-5.0421E-3,,44.9485E+0,,6.8734E-3,299.8842E-3,-264.6811E-9,000.0000E+0,152.7404E+0,-5.2936E-3,,43.8742E+0,,6.9947E-3,299.8842E-3,-235.3318E-9,500.0000E-3,155.4369E+0,-4.7066E-3,,43.0904E+0,,7.1274E-3,299.8859E-3,-201.7878E-9,1.0000E+0,158.3848E+0,-4.0358E-3,,42.2740E+0,,7.2245E-3,299.8859E-3,196.5454E-9,1.5000E+0,160.5430E+0,3.9309E-3,,41.7086E+0,,7.4481E-3,299.8892E-3,10.0290E-6,2.0000E+0,165.5128E+0,200.5809E-3,,40.4287E+0,,,,,,,,,,,,,,,,,,,,,,,,,,,,,,,,,,,,,,,,,,,,,,,,,,,,,,,,,,,,,,,,,,,,,,,,,,,,,,,,,,,,,,,,,,,,,,,,,,,,,,,,,,,,,,,,,,,,,,,,,,
470.5948E-9,399.8442E-3,-2.8811E-6,-5.0000E+0,10.4576E-3,-57.6218E-3,,4.1048E+6,,331.5024E-9,399.8184E-3,-2.1012E-6,-4.5000E+0,7.3666E-3,-42.0240E-3,,4.8199E+6,,225.8878E-9,399.7975E-3,-1.2416E-6,-4.0000E+0,5.0197E-3,-24.8329E-3,,4.6074E+6,,161.6672E-9,399.7900E-3,-713.3276E-9,-3.5000E+0,3.5926E-3,-14.2666E-3,,4.6737E+6,,982.3834E-6,399.8166E-3,-419.8209E-9,-3.0000E+0,21.8305E+0,-8.3964E-3,,1.7854E+3,,5.2618E-3,399.8951E-3,-373.6986E-9,-2.5000E+0,116.9277E+0,-7.4740E-3,,93.8150E+0,,7.2518E-3,399.9377E-3,-239.5245E-9,-2.0000E+0,161.1504E+0,-4.7905E-3,,58.3305E+0,,8.0546E-3,399.9494E-3,-289.8414E-9,-1.5000E+0,178.9897E+0,-5.7968E-3,,50.9640E+0,,8.6334E-3,399.9627E-3,-134.6998E-9,-1.0000E+0,191.8522E+0,-2.6940E-3,,47.1511E+0,,8.9218E-3,399.9594E-3,-256.2956E-9,-500.0000E-3,198.2612E+0,-5.1259E-3,,45.4250E+0,,9.1309E-3,399.8334E-3,-260.4902E-9,000.0000E+0,202.9077E+0,-5.2098E-3,,44.2733E+0,,9.2944E-3,399.8359E-3,-222.7516E-9,500.0000E-3,206.5412E+0,-4.4550E-3,,43.4626E+0,,9.4720E-3,399.8300E-3,-159.8582E-9,1.0000E+0,210.4869E+0,-3.1972E-3,,42.6271E+0,,9.6030E-3,399.8375E-3,-13.1040E-9,1.5000E+0,213.3969E+0,-262.0800E-6,,42.0238E+0,,9.9004E-3,399.8267E-3,7.8403E-6,2.0000E+0,220.0075E+0,156.8064E-3,,40.7528E+0,,,,,,,,,,,,,,,,,,,,,,,,,,,,,,,,,,,,,,,,,,,,,,,,,,,,,,,,,,,,,,,,,,,,,,,,,,,,,,,,,,,,,,,,,,,,,,,,,,,,,,,,,,,,,,,,,,,,,,,,,,
493.7485E-9,499.8869E-3,-2.8266E-6,-5.0000E+0,10.9721E-3,-56.5316E-3,,4.3208E+6,,352.9269E-9,499.8627E-3,-2.1222E-6,-4.5000E+0,7.8427E-3,-42.4433E-3,,4.6696E+6,,249.3293E-9,499.8493E-3,-1.2752E-6,-4.0000E+0,5.5406E-3,-25.5037E-3,,4.2682E+6,,182.0199E-9,499.8451E-3,-788.8029E-9,-3.5000E+0,4.0448E-3,-15.7761E-3,,4.9161E+6,,1.0072E-3,499.8635E-3,-516.2601E-9,-3.0000E+0,22.3831E+0,-10.3252E-3,,4.0234E+3,,6.0939E-3,499.9512E-3,-394.6643E-9,-2.5000E+0,135.4176E+0,-7.8933E-3,,120.2520E+0,,8.8642E-3,500.0046E-3,-277.2595E-9,-2.0000E+0,196.9791E+0,-5.5452E-3,,62.0643E+0,,9.9596E-3,499.8718E-3,-298.2251E-9,-1.5000E+0,221.3224E+0,-5.9645E-3,,52.4529E+0,,10.7133E-3,499.8810E-3,-117.9287E-9,-1.0000E+0,238.0701E+0,-2.3586E-3,,48.0417E+0,,11.0898E-3,499.8710E-3,-201.7878E-9,-500.0000E-3,246.4365E+0,-4.0358E-3,,46.0866E+0,,11.3630E-3,499.8761E-3,-226.9444E-9,000.0000E+0,252.5078E+0,-4.5389E-3,,44.8214E+0,,11.5711E-3,499.8769E-3,-289.8414E-9,500.0000E-3,257.1338E+0,-5.7968E-3,,43.9415E+0,,11.7919E-3,499.8761E-3,-235.3318E-9,1.0000E+0,262.0396E+0,-4.7066E-3,,43.1252E+0,,11.9542E-3,499.8827E-3,-34.0679E-9,1.5000E+0,265.6461E+0,-681.3571E-6,,42.5500E+0,,12.3219E-3,499.8752E-3,5.9870E-6,2.0000E+0,273.8164E+0,119.7406E-3,,41.3180E+0,,,,,,,,,,,,,,,,,,,,,,,,,,,,,,,,,,,,,,,,,,,,,,,,,,,,,,,,,,,,,,,,,,,,,,,,,,,,,,,,,,,,,,,,,,,,,,,,,,,,,,,,,,,,,,,,,,,,,,,,,,
517.5352E-9,599.5940E-3,-2.8643E-6,-5.0000E+0,11.5007E-3,-57.2864E-3,,4.1917E+6,,375.1285E-9,599.5598E-3,-2.1305E-6,-4.5000E+0,8.3361E-3,-42.6110E-3,,4.4905E+6,,265.7749E-9,599.5373E-3,-1.2500E-6,-4.0000E+0,5.9060E-3,-25.0006E-3,,6.0617E+6,,203.5698E-9,599.5381E-3,-776.2246E-9,-3.5000E+0,4.5237E-3,-15.5245E-3,,4.6261E+6,,1.0270E-3,599.5464E-3,-512.0673E-9,-3.0000E+0,22.8214E+0,-10.2413E-3,,5.0541E+3,,6.6812E-3,599.6441E-3,-365.3131E-9,-2.5000E+0,148.4698E+0,-7.3063E-3,,169.7324E+0,,10.3325E-3,599.5640E-3,-260.4902E-9,-2.0000E+0,229.6088E+0,-5.2098E-3,,67.8035E+0,,11.7991E-3,599.5615E-3,-264.6811E-9,-1.5000E+0,262.1987E+0,-5.2936E-3,,54.1952E+0,,12.7431E-3,599.5673E-3,-109.5432E-9,-1.0000E+0,283.1775E+0,-2.1909E-3,,49.1101E+0,,13.2156E-3,599.5573E-3,-260.4902E-9,-500.0000E-3,293.6779E+0,-5.2098E-3,,46.8917E+0,,13.5520E-3,599.5706E-3,-260.4902E-9,000.0000E+0,301.1535E+0,-5.2098E-3,,45.5418E+0,,13.8073E-3,599.5715E-3,-260.4902E-9,500.0000E-3,306.8256E+0,-5.2098E-3,,44.5830E+0,,14.0713E-3,599.5690E-3,-243.7173E-9,1.0000E+0,312.6932E+0,-4.8743E-3,,43.7358E+0,,14.2646E-3,599.5731E-3,-75.9974E-9,1.5000E+0,316.9872E+0,-1.5199E-3,,43.1492E+0,,14.6989E-3,599.5681E-3,4.7375E-6,2.0000E+0,326.6393E+0,94.7505E-3,,41.9398E+0,,,,,,,,,,,,,,,,,,,,,,,,,,,,,,,,,,,,,,,,,,,,,,,,,,,,,,,,,,,,,,,,,,,,,,,,,,,,,,,,,,,,,,,,,,,,,,,,,,,,,,,,,,,,,,,,,,,,,,,,,,
538.9865E-9,699.5323E-3,-2.9146E-6,-5.0000E+0,11.9774E-3,-58.2927E-3,,4.6588E+6,,395.0023E-9,699.4897E-3,-2.1138E-6,-4.5000E+0,8.7777E-3,-42.2756E-3,,5.0282E+6,,290.6154E-9,699.4923E-3,-1.3087E-6,-4.0000E+0,6.4581E-3,-26.1746E-3,,4.0239E+6,,225.2088E-9,699.4848E-3,-813.9596E-9,-3.5000E+0,5.0046E-3,-16.2792E-3,,4.6188E+6,,1.0437E-3,699.5048E-3,-533.0330E-9,-3.0000E+0,23.1942E+0,-10.6607E-3,,5.9582E+3,,7.0568E-3,699.6025E-3,-356.9276E-9,-2.5000E+0,156.8164E+0,-7.1386E-3,,266.1270E+0,,11.6700E-3,699.5198E-3,-239.5245E-9,-2.0000E+0,259.3308E+0,-4.7905E-3,,74.7334E+0,,13.5631E-3,699.5147E-3,-273.0685E-9,-1.5000E+0,301.3998E+0,-5.4614E-3,,56.6607E+0,,14.7224E-3,699.5190E-3,-113.7341E-9,-1.0000E+0,327.1607E+0,-2.2747E-3,,50.4995E+0,,15.3013E-3,699.5123E-3,-197.5932E-9,-500.0000E-3,340.0250E+0,-3.9519E-3,,47.9254E+0,,15.7089E-3,699.5290E-3,-201.7878E-9,000.0000E+0,349.0836E+0,-4.0358E-3,,46.3440E+0,,16.0103E-3,699.5290E-3,-185.0149E-9,500.0000E-3,355.7807E+0,-3.7003E-3,,45.3734E+0,,16.3184E-3,699.5232E-3,-201.7878E-9,1.0000E+0,362.6264E+0,-4.0358E-3,,44.4831E+0,,16.5411E-3,699.5290E-3,-126.3143E-9,1.5000E+0,367.5768E+0,-2.5263E-3,,43.9066E+0,,17.0388E-3,699.5240E-3,3.6977E-6,2.0000E+0,378.6354E+0,73.9534E-3,,42.7189E+0,,,,,,,,,,,,,,,,,,,,,,,,,,,,,,,,,,,,,,,,,,,,,,,,,,,,,,,,,,,,,,,,,,,,,,,,,,,,,,,,,,,,,,,,,,,,,,,,,,,,,,,,,,,,,,,,,,,,,,,,,,
562.5911E-9,799.5867E-3,-2.9230E-6,-5.0000E+0,12.5019E-3,-58.4604E-3,,4.2388E+6,,416.2371E-9,799.5766E-3,-2.1851E-6,-4.5000E+0,9.2496E-3,-43.7012E-3,,4.7134E+6,,311.0073E-9,799.5382E-3,-1.2668E-6,-4.0000E+0,6.9112E-3,-25.3360E-3,,4.9062E+6,,248.7187E-9,799.5458E-3,-801.3812E-9,-3.5000E+0,5.5270E-3,-16.0276E-3,,4.2561E+6,,1.0592E-3,799.5541E-3,-604.3119E-9,-3.0000E+0,23.5384E+0,-12.0862E-3,,6.4596E+3,,7.2614E-3,799.6593E-3,-382.0860E-9,-2.5000E+0,161.3629E+0,-7.6417E-3,,489.0507E+0,,12.8211E-3,799.5775E-3,-277.2595E-9,-2.0000E+0,284.9113E+0,-5.5452E-3,,86.9207E+0,,15.2366E-3,799.5700E-3,-340.1565E-9,-1.5000E+0,338.5876E+0,-6.8031E-3,,59.7892E+0,,16.6360E-3,799.5816E-3,-159.8582E-9,-1.0000E+0,369.6855E+0,-3.1972E-3,,52.2892E+0,,17.3361E-3,799.5758E-3,-247.9101E-9,-500.0000E-3,385.2424E+0,-4.9582E-3,,49.1759E+0,,17.8196E-3,799.5842E-3,-201.7878E-9,000.0000E+0,395.9880E+0,-4.0358E-3,,47.4034E+0,,18.1705E-3,799.5875E-3,-256.2956E-9,500.0000E-3,403.7841E+0,-5.1259E-3,,46.3196E+0,,18.5197E-3,799.5816E-3,-201.7878E-9,1.0000E+0,411.5459E+0,-4.0358E-3,,45.4523E+0,,18.7735E-3,799.5800E-3,-193.4022E-9,1.5000E+0,417.1857E+0,-3.8680E-3,,44.8172E+0,,19.3280E-3,799.5808E-3,2.7710E-6,2.0000E+0,429.5058E+0,55.4205E-3,,43.7084E+0,,,,,,,,,,,,,,,,,,,,,,,,,,,,,,,,,,,,,,,,,,,,,,,,,,,,,,,,,,,,,,,,,,,,,,,,,,,,,,,,,,,,,,,,,,,,,,,,,,,,,,,,,,,,,,,,,,,,,,,,,,
587.0207E-9,899.6310E-3,-2.9398E-6,-5.0000E+0,13.0448E-3,-58.7958E-3,,4.0952E+6,,436.4731E-9,899.6285E-3,-2.1599E-6,-4.5000E+0,9.6993E-3,-43.1980E-3,,4.9442E+6,,330.5543E-9,899.5885E-3,-1.3171E-6,-4.0000E+0,7.3456E-3,-26.3423E-3,,5.1185E+6,,269.1383E-9,899.5860E-3,-784.6083E-9,-3.5000E+0,5.9808E-3,-15.6922E-3,,4.8992E+6,,1.0716E-3,899.5909E-3,-553.9969E-9,-3.0000E+0,23.8134E+0,-11.0799E-3,,8.0821E+3,,7.3785E-3,899.7002E-3,-465.9450E-9,-2.5000E+0,163.9647E+0,-9.3189E-3,,854.4647E+0,,13.7682E-3,899.6135E-3,-247.9101E-9,-2.0000E+0,305.9559E+0,-4.9582E-3,,105.6329E+0,,16.8024E-3,899.6127E-3,-335.9619E-9,-1.5000E+0,373.3831E+0,-6.7192E-3,,63.8919E+0,,18.4745E-3,899.6218E-3,-75.9974E-9,-1.0000E+0,410.5410E+0,-1.5199E-3,,54.4136E+0,,19.3122E-3,899.6093E-3,-252.1028E-9,-500.0000E-3,429.1558E+0,-5.0421E-3,,50.6211E+0,,19.8758E-3,899.6226E-3,-218.5607E-9,000.0000E+0,441.6790E+0,-4.3712E-3,,48.6540E+0,,20.2783E-3,899.6243E-3,-218.5607E-9,500.0000E-3,450.6244E+0,-4.3712E-3,,47.4595E+0,,20.6702E-3,899.6268E-3,-235.3318E-9,1.0000E+0,459.3334E+0,-4.7066E-3,,46.5227E+0,,20.9550E-3,899.6243E-3,-189.2095E-9,1.5000E+0,465.6624E+0,-3.7842E-3,,45.8609E+0,,21.5601E-3,899.6251E-3,2.1589E-6,2.0000E+0,479.1093E+0,43.1770E-3,,44.8191E+0,,,,,,,,,,,,,,,,,,,,,,,,,,,,,,,,,,,,,,,,,,,,,,,,,,,,,,,,,,,,,,,,,,,,,,,,,,,,,,,,,,,,,,,,,,,,,,,,,,,,,,,,,,,,,,,,,,,,,,,,,,
609.0849E-9,999.3815E-3,-2.9021E-6,-5.0000E+0,13.5351E-3,-58.0412E-3,,4.5209E+6,,457.3710E-9,999.3715E-3,-2.1683E-6,-4.5000E+0,10.1637E-3,-43.3658E-3,,4.7729E+6,,352.5488E-9,999.3281E-3,-1.3423E-6,-4.0000E+0,7.8343E-3,-26.8455E-3,,4.5348E+6,,291.1043E-9,999.3373E-3,-860.0837E-9,-3.5000E+0,6.4689E-3,-17.2017E-3,,4.5412E+6,,1.0813E-3,999.3256E-3,-553.9969E-9,-3.0000E+0,24.0287E+0,-11.0799E-3,,10.2954E+3,,7.4568E-3,999.4374E-3,-461.7523E-9,-2.5000E+0,165.7058E+0,-9.2350E-3,,1.2729E+3,,14.4932E-3,999.3464E-3,-260.4902E-9,-2.0000E+0,322.0683E+0,-5.2098E-3,,137.5503E+0,,18.2372E-3,999.3506E-3,-306.6107E-9,-1.5000E+0,405.2682E+0,-6.1322E-3,,69.5113E+0,,20.2223E-3,999.3648E-3,-185.0149E-9,-1.0000E+0,449.3806E+0,-3.7003E-3,,57.0678E+0,,21.2140E-3,999.3514E-3,-218.5607E-9,-500.0000E-3,471.4165E+0,-4.3712E-3,,52.4476E+0,,21.8656E-3,999.3640E-3,-252.1028E-9,000.0000E+0,485.8970E+0,-5.0421E-3,,50.1256E+0,,22.3243E-3,999.3706E-3,-273.0685E-9,500.0000E-3,496.0915E+0,-5.4614E-3,,48.7509E+0,,22.7586E-3,999.3623E-3,-235.3318E-9,1.0000E+0,505.7420E+0,-4.7066E-3,,47.7567E+0,,23.0726E-3,999.3706E-3,-201.7878E-9,1.5000E+0,512.7183E+0,-4.0358E-3,,47.1049E+0,,23.7232E-3,999.3656E-3,1.6389E-6,2.0000E+0,527.1771E+0,32.7785E-3,,46.1106E+0,,,,,,,,,,,,,,,,,,,,,,,,,,,,,,,,,,,,,,,,,,,,,,,,,,,,,,,,,,,,,,,,,,,,,,,,,,,,,,,,,,,,,,,,,,,,,,,,,,,,,,,,,,,,,,,,,,,,,,,,,,
630.9417E-9,1.0994E+0,-2.9608E-6,-5.0000E+0,14.0208E-3,-59.2152E-3,,4.5778E+6,,474.1919E-9,1.0994E+0,-2.2312E-6,-4.5000E+0,10.5375E-3,-44.6236E-3,,5.9472E+6,,370.8898E-9,1.0994E+0,-1.4136E-6,-4.0000E+0,8.2419E-3,-28.2711E-3,,5.4552E+6,,312.5673E-9,1.0994E+0,-918.7843E-9,-3.5000E+0,6.9459E-3,-18.3757E-3,,4.6609E+6,,1.0933E-3,1.0994E+0,-663.0125E-9,-3.0000E+0,24.2950E+0,-13.2603E-3,,8.3485E+3,,7.5192E-3,1.0995E+0,-403.0499E-9,-2.5000E+0,167.0922E+0,-8.0610E-3,,1.6036E+3,,14.9966E-3,1.0994E+0,-277.2595E-9,-2.0000E+0,333.2537E+0,-5.5452E-3,,198.7644E+0,,19.5305E-3,1.0994E+0,-268.8739E-9,-1.5000E+0,434.0075E+0,-5.3775E-3,,77.3588E+0,,21.8822E-3,1.0994E+0,-143.0853E-9,-1.0000E+0,486.2652E+0,-2.8617E-3,,60.2726E+0,,23.0507E-3,1.0994E+0,-298.2251E-9,-500.0000E-3,512.2337E+0,-5.9645E-3,,54.4685E+0,,23.7987E-3,1.0994E+0,-285.6468E-9,000.0000E+0,528.8549E+0,-5.7129E-3,,51.7565E+0,,24.3161E-3,1.0994E+0,-260.4902E-9,500.0000E-3,540.3525E+0,-5.2098E-3,,50.2277E+0,,24.7913E-3,1.0994E+0,-231.1390E-9,1.0000E+0,550.9118E+0,-4.6228E-3,,49.2245E+0,,25.1356E-3,1.0994E+0,-231.1390E-9,1.5000E+0,558.5638E+0,-4.6228E-3,,48.4933E+0,,25.8262E-3,1.0994E+0,1.2322E-6,2.0000E+0,573.9091E+0,24.6441E-3,,47.5719E+0,,,,,,,,,,,,,,,,,,,,,,,,,,,,,,,,,,,,,,,,,,,,,,,,,,,,,,,,,,,,,,,,,,,,,,,,,,,,,,,,,,,,,,,,,,,,,,,,,,,,,,,,,,,,,,,,,,,,,,,,,,
655.8591E-9,1.1995E+0,-2.9188E-6,-5.0000E+0,14.5745E-3,-58.3766E-3,,4.0137E+6,,495.3813E-9,1.1994E+0,-2.1851E-6,-4.5000E+0,11.0084E-3,-43.7012E-3,,4.7200E+6,,390.3833E-9,1.1994E+0,-1.4597E-6,-4.0000E+0,8.6751E-3,-29.1935E-3,,5.1317E+6,,332.6161E-9,1.1994E+0,-881.0475E-9,-3.5000E+0,7.3914E-3,-17.6210E-3,,4.9889E+6,,1.1041E-3,1.1994E+0,-654.6288E-9,-3.0000E+0,24.5349E+0,-13.0926E-3,,9.2656E+3,,7.5681E-3,1.1995E+0,-411.4372E-9,-2.5000E+0,168.1793E+0,-8.2287E-3,,2.0448E+3,,15.3236E-3,1.1994E+0,-285.6468E-9,-2.0000E+0,340.5211E+0,-5.7129E-3,,305.8752E+0,,20.6607E-3,1.1994E+0,-247.9101E-9,-1.5000E+0,459.1220E+0,-4.9582E-3,,88.5151E+0,,23.4357E-3,1.1994E+0,-88.5775E-9,-1.0000E+0,520.7888E+0,-1.7716E-3,,64.3890E+0,,24.8066E-3,1.1994E+0,-231.1390E-9,-500.0000E-3,551.2519E+0,-4.6228E-3,,56.9768E+0,,25.6623E-3,1.1995E+0,-201.7878E-9,000.0000E+0,570.2673E+0,-4.0358E-3,,53.6796E+0,,26.2406E-3,1.1995E+0,-256.2956E-9,500.0000E-3,583.1193E+0,-5.1259E-3,,51.9821E+0,,26.7594E-3,1.1994E+0,-201.7878E-9,1.0000E+0,594.6479E+0,-4.0358E-3,,50.8238E+0,,27.1354E-3,1.1994E+0,-239.5245E-9,1.5000E+0,603.0030E+0,-4.7905E-3,,50.0209E+0,,27.8589E-3,1.1994E+0,1.0477E-6,2.0000E+0,619.0805E+0,20.9543E-3,,49.2154E+0,,,,,,,,,,,,,,,,,,,,,,,,,,,,,,,,,,,,,,,,,,,,,,,,,,,,,,,,,,,,,,,,,,,,,,,,,,,,,,,,,,,,,,,,,,,,,,,,,,,,,,,,,,,,,,,,,,,,,,,,,,
680.9012E-9,1.2995E+0,-3.0446E-6,-5.0000E+0,15.1310E-3,-60.8923E-3,,3.9947E+6,,523.3356E-9,1.2995E+0,-2.2228E-6,-4.5000E+0,11.6296E-3,-44.4560E-3,,3.5786E+6,,410.9891E-9,1.2995E+0,-1.5016E-6,-4.0000E+0,9.1330E-3,-30.0321E-3,,4.8554E+6,,350.5080E-9,1.2994E+0,-948.1355E-9,-3.5000E+0,7.7890E-3,-18.9627E-3,,5.5910E+6,,1.1123E-3,1.2994E+0,-654.6288E-9,-3.0000E+0,24.7173E+0,-13.0926E-3,,12.1882E+3,,7.6106E-3,1.2995E+0,-465.9450E-9,-2.5000E+0,169.1222E+0,-9.3189E-3,,2.3575E+3,,15.5295E-3,1.2994E+0,-294.0324E-9,-2.0000E+0,345.0976E+0,-5.8806E-3,,485.6739E+0,,21.6122E-3,1.2995E+0,-294.0324E-9,-1.5000E+0,480.2660E+0,-5.8806E-3,,105.1213E+0,,24.8725E-3,1.2995E+0,-164.0510E-9,-1.0000E+0,552.7170E+0,-3.2810E-3,,69.6179E+0,,26.4773E-3,1.2995E+0,-239.5245E-9,-500.0000E-3,588.3789E+0,-4.7905E-3,,59.8690E+0,,27.4506E-3,1.2995E+0,-222.7516E-9,000.0000E+0,610.0080E+0,-4.4550E-3,,55.9311E+0,,28.0957E-3,1.2995E+0,-289.8414E-9,500.0000E-3,624.3419E+0,-5.7968E-3,,53.9204E+0,,28.6599E-3,1.2995E+0,-180.8239E-9,1.0000E+0,636.8797E+0,-3.6165E-3,,52.6363E+0,,29.0677E-3,1.2995E+0,-294.0324E-9,1.5000E+0,645.9415E+0,-5.8806E-3,,51.7696E+0,,29.8182E-3,1.2995E+0,720.6636E-9,2.0000E+0,662.6191E+0,14.4133E-3,,51.0543E+0,,,,,,,,,,,,,,,,,,,,,,,,,,,,,,,,,,,,,,,,,,,,,,,,,,,,,,,,,,,,,,,,,,,,,,,,,,,,,,,,,,,,,,,,,,,,,,,,,,,,,,,,,,,,,,,,,,,,,,,,,,
703.2895E-9,1.3994E+0,-3.0278E-6,-5.0000E+0,15.6285E-3,-60.5569E-3,,4.4608E+6,,541.5378E-9,1.3993E+0,-2.2647E-6,-4.5000E+0,12.0341E-3,-45.2945E-3,,5.4861E+6,,430.4841E-9,1.3993E+0,-1.4848E-6,-4.0000E+0,9.5662E-3,-29.6967E-3,,5.1210E+6,,375.3137E-9,1.3992E+0,-893.6258E-9,-3.5000E+0,8.3402E-3,-17.8725E-3,,4.0239E+6,,1.1221E-3,1.3993E+0,-616.8921E-9,-3.0000E+0,24.9345E+0,-12.3378E-3,,10.2156E+3,,7.6512E-3,1.3994E+0,-465.9450E-9,-2.5000E+0,170.0245E+0,-9.3189E-3,,2.4593E+3,,15.6584E-3,1.3993E+0,-302.4197E-9,-2.0000E+0,347.9614E+0,-6.0484E-3,,774.8331E+0,,22.3791E-3,1.3993E+0,-298.2251E-9,-1.5000E+0,497.3083E+0,-5.9645E-3,,130.2051E+0,,26.1849E-3,1.3993E+0,-117.9287E-9,-1.0000E+0,581.8811E+0,-2.3586E-3,,76.0936E+0,,28.0555E-3,1.3993E+0,-201.7878E-9,-500.0000E-3,623.4496E+0,-4.0358E-3,,63.2740E+0,,29.1622E-3,1.3993E+0,-252.1028E-9,000.0000E+0,648.0432E+0,-5.0421E-3,,58.3445E+0,,29.8801E-3,1.3993E+0,-235.3318E-9,500.0000E-3,663.9965E+0,-4.7066E-3,,55.9599E+0,,30.4874E-3,1.3993E+0,-201.7878E-9,1.0000E+0,677.4905E+0,-4.0358E-3,,54.6395E+0,,30.9267E-3,1.3993E+0,-252.1028E-9,1.5000E+0,687.2527E+0,-5.0421E-3,,53.7158E+0,,31.7017E-3,1.3993E+0,531.9816E-9,2.0000E+0,704.4742E+0,10.6396E-3,,53.0156E+0,,,,,,,,,,,,,,,,,,,,,,,,,,,,,,,,,,,,,,,,,,,,,,,,,,,,,,,,,,,,,,,,,,,,,,,,,,,,,,,,,,,,,,,,,,,,,,,,,,,,,,,,,,,,,,,,,,,,,,,,,,
727.7893E-9,1.4995E+0,-3.0237E-6,-5.0000E+0,16.1729E-3,-60.4731E-3,,4.0884E+6,,565.2976E-9,1.4995E+0,-2.3025E-6,-4.5000E+0,12.5620E-3,-46.0492E-3,,4.2159E+6,,450.9217E-9,1.4995E+0,-1.5352E-6,-4.0000E+0,10.0204E-3,-30.7030E-3,,4.9015E+6,,396.3437E-9,1.4994E+0,-1.0110E-6,-3.5000E+0,8.8075E-3,-20.2206E-3,,4.7625E+6,,1.1323E-3,1.4995E+0,-730.1005E-9,-3.0000E+0,25.1617E+0,-14.6020E-3,,9.7966E+3,,7.6831E-3,1.4996E+0,-507.8746E-9,-2.5000E+0,170.7331E+0,-10.1575E-3,,3.1412E+3,,15.7538E-3,1.4995E+0,-197.5932E-9,-2.0000E+0,350.0809E+0,-3.9519E-3,,1.0504E+3,,22.9559E-3,1.4995E+0,-252.1028E-9,-1.5000E+0,510.1250E+0,-5.0421E-3,,173.6917E+0,,27.3588E-3,1.4995E+0,-109.5432E-9,-1.0000E+0,607.9665E+0,-2.1909E-3,,85.3316E+0,,29.5439E-3,1.4995E+0,-210.1733E-9,-500.0000E-3,656.5240E+0,-4.2035E-3,,67.3058E+0,,30.8011E-3,1.4995E+0,-273.0685E-9,000.0000E+0,684.4629E+0,-5.4614E-3,,61.1198E+0,,31.5969E-3,1.4995E+0,-256.2956E-9,500.0000E-3,702.1470E+0,-5.1259E-3,,58.3518E+0,,32.2499E-3,1.4995E+0,-205.9805E-9,1.0000E+0,716.6568E+0,-4.1196E-3,,56.8380E+0,,32.7207E-3,1.4995E+0,-226.9444E-9,1.5000E+0,727.1204E+0,-4.5389E-3,,55.8358E+0,,33.5174E-3,1.4995E+0,372.6491E-9,2.0000E+0,744.8230E+0,7.4530E-3,,55.1695E+0,,,,,,,,,,,,,,,,,,,,,,,,,,,,,,,,,,,,,,,,,,,,,,,,,,,,,,,,,,,,,,,,,,,,,,,,,,,,,,,,,,,,,,,,,,,,,,,,,,,,,,,,,,,,,,,,,,,,,,,,,,
749.2318E-9,1.5997E+0,-3.0907E-6,-5.0000E+0,16.6494E-3,-61.8148E-3,,4.6715E+6,,586.2540E-9,1.5997E+0,-2.2983E-6,-4.5000E+0,13.0277E-3,-45.9654E-3,,4.7818E+6,,471.6030E-9,1.5997E+0,-1.4932E-6,-4.0000E+0,10.4800E-3,-29.8644E-3,,4.8442E+6,,423.3844E-9,1.5996E+0,-1.0068E-6,-3.5000E+0,9.4084E-3,-20.1367E-3,,3.7045E+6,,1.1416E-3,1.5996E+0,-675.5927E-9,-3.0000E+0,25.3686E+0,-13.5119E-3,,10.7621E+3,,7.7196E-3,1.5998E+0,-482.7161E-9,-2.5000E+0,171.5457E+0,-9.6543E-3,,2.7396E+3,,15.8253E-3,1.5997E+0,-352.7348E-9,-2.0000E+0,351.6696E+0,-7.0547E-3,,1.4012E+3,,23.3643E-3,1.5997E+0,-298.2251E-9,-1.5000E+0,519.2017E+0,-5.9645E-3,,245.2744E+0,,28.3890E-3,1.5997E+0,-159.8582E-9,-1.0000E+0,630.8598E+0,-3.1972E-3,,97.2430E+0,,30.9310E-3,1.5997E+0,-197.5932E-9,-500.0000E-3,687.3493E+0,-3.9519E-3,,72.2266E+0,,32.3540E-3,1.5997E+0,-168.2438E-9,000.0000E+0,718.9715E+0,-3.3649E-3,,64.5116E+0,,33.2367E-3,1.5997E+0,-243.7173E-9,500.0000E-3,738.5857E+0,-4.8743E-3,,61.0952E+0,,33.9402E-3,1.5997E+0,-151.4727E-9,1.0000E+0,754.2193E+0,-3.0295E-3,,59.2703E+0,,34.4423E-3,1.5997E+0,-264.6811E-9,1.5000E+0,765.3777E+0,-5.2936E-3,,58.1885E+0,,35.2576E-3,1.5997E+0,255.2442E-9,2.0000E+0,783.4946E+0,5.1049E-3,,57.5732E+0,,,,,,,,,,,,,,,,,,,,,,,,,,,,,,,,,,,,,,,,,,,,,,,,,,,,,,,,,,,,,,,,,,,,,,,,,,,,,,,,,,,,,,,,,,,,,,,,,,,,,,,,,,,,,,,,,,,,,,,,,,
772.8725E-9,1.6996E+0,-3.1285E-6,-5.0000E+0,17.1748E-3,-62.5695E-3,,4.2253E+6,,603.0291E-9,1.6996E+0,-2.3234E-6,-4.5000E+0,13.4005E-3,-46.4686E-3,,5.9531E+6,,493.0826E-9,1.6995E+0,-1.5603E-6,-4.0000E+0,10.9573E-3,-31.2061E-3,,4.6490E+6,,444.3574E-9,1.6995E+0,-1.0152E-6,-3.5000E+0,9.8745E-3,-20.3044E-3,,4.7626E+6,,1.1475E-3,1.6995E+0,-751.0662E-9,-3.0000E+0,25.4989E+0,-15.0213E-3,,17.0286E+3,,7.7528E-3,1.6996E+0,-491.1017E-9,-2.5000E+0,172.2819E+0,-9.8220E-3,,3.0148E+3,,15.8870E-3,1.6995E+0,-344.3492E-9,-2.0000E+0,353.0408E+0,-6.8870E-3,,1.6184E+3,,23.6288E-3,1.6995E+0,-302.4197E-9,-1.5000E+0,525.0796E+0,-6.0484E-3,,377.5511E+0,,29.2645E-3,1.6995E+0,-92.7703E-9,-1.0000E+0,650.3148E+0,-1.8554E-3,,114.0687E+0,,32.2065E-3,1.6996E+0,-214.3661E-9,-500.0000E-3,715.6933E+0,-4.2873E-3,,78.2947E+0,,33.8222E-3,1.6996E+0,-189.2095E-9,000.0000E+0,751.5976E+0,-3.7842E-3,,68.0231E+0,,34.7955E-3,1.6996E+0,-260.4902E-9,500.0000E-3,773.2262E+0,-5.2098E-3,,64.0669E+0,,35.5501E-3,1.6996E+0,-172.4366E-9,1.0000E+0,789.9953E+0,-3.4487E-3,,62.0282E+0,,36.0861E-3,1.6996E+0,-302.4197E-9,1.5000E+0,801.9055E+0,-6.0484E-3,,60.7586E+0,,36.9171E-3,1.6996E+0,108.4918E-9,2.0000E+0,820.3722E+0,2.1698E-3,,60.1835E+0,,,,,,,,,,,,,,,,,,,,,,,,,,,,,,,,,,,,,,,,,,,,,,,,,,,,,,,,,,,,,,,,,,,,,,,,,,,,,,,,,,,,,,,,,,,,,,,,,,,,,,,,,,,,,,,,,,,,,,,,,,
796.8325E-9,1.7997E+0,-3.1075E-6,-5.0000E+0,17.7072E-3,-62.1502E-3,,4.1806E+6,,630.4888E-9,1.7997E+0,-2.3486E-6,-4.5000E+0,14.0107E-3,-46.9717E-3,,3.6472E+6,,509.9315E-9,1.7997E+0,-1.5561E-6,-4.0000E+0,11.3317E-3,-31.1223E-3,,5.9436E+6,,467.9110E-9,1.7996E+0,-956.5210E-9,-3.5000E+0,10.3979E-3,-19.1304E-3,,4.2526E+6,,1.1556E-3,1.7997E+0,-738.4879E-9,-3.0000E+0,25.6808E+0,-14.7698E-3,,12.2401E+3,,7.7842E-3,1.7998E+0,-541.4167E-9,-2.5000E+0,172.9810E+0,-10.8283E-3,,3.1839E+3,,15.9385E-3,1.7997E+0,-289.8414E-9,-2.0000E+0,354.1862E+0,-5.7968E-3,,1.9435E+3,,23.8056E-3,1.7997E+0,-319.1890E-9,-1.5000E+0,529.0084E+0,-6.3838E-3,,566.6418E+0,,29.9813E-3,1.7997E+0,-75.9974E-9,-1.0000E+0,666.2445E+0,-1.5199E-3,,139.7493E+0,,33.3744E-3,1.7997E+0,-247.9101E-9,-500.0000E-3,741.6456E+0,-4.9582E-3,,85.7722E+0,,35.2060E-3,1.7997E+0,-180.8239E-9,000.0000E+0,782.3467E+0,-3.6165E-3,,72.3884E+0,,36.2832E-3,1.7997E+0,-201.7878E-9,500.0000E-3,806.2842E+0,-4.0358E-3,,67.3345E+0,,37.0929E-3,1.7997E+0,-210.1733E-9,1.0000E+0,824.2777E+0,-4.2035E-3,,64.9302E+0,,37.6632E-3,1.7997E+0,-319.1890E-9,1.5000E+0,836.9525E+0,-6.3838E-3,,63.5116E+0,,38.5066E-3,1.7997E+0,-4.7166E-9,2.0000E+0,855.6943E+0,-94.3328E-6,,63.0127E+0,,,,,,,,,,,,,,,,,,,,,,,,,,,,,,,,,,,,,,,,,,,,,,,,,,,,,,,,,,,,,,,,,,,,,,,,,,,,,,,,,,,,,,,,,,,,,,,,,,,,,,,,,,,,,,,,,,,,,,,,,,
822.7349E-9,1.8999E+0,-3.1578E-6,-5.0000E+0,18.2828E-3,-63.1565E-3,,3.8670E+6,,651.8187E-9,1.8999E+0,-2.3821E-6,-4.5000E+0,14.4847E-3,-47.6426E-3,,4.6957E+6,,531.2241E-9,1.8999E+0,-1.6064E-6,-4.0000E+0,11.8049E-3,-32.1286E-3,,4.7061E+6,,492.0196E-9,1.8997E+0,-1.0362E-6,-3.5000E+0,10.9337E-3,-20.7237E-3,,4.1527E+6,,1.1610E-3,1.8998E+0,-746.8734E-9,-3.0000E+0,25.7993E+0,-14.9375E-3,,18.7696E+3,,7.8129E-3,1.8999E+0,-478.5234E-9,-2.5000E+0,173.6176E+0,-9.5705E-3,,3.4961E+3,,15.9852E-3,1.8999E+0,-264.6811E-9,-2.0000E+0,355.2234E+0,-5.2936E-3,,2.1459E+3,,23.9229E-3,1.8999E+0,-243.7173E-9,-1.5000E+0,531.6141E+0,-4.8743E-3,,854.0653E+0,,30.5433E-3,1.8999E+0,-151.4727E-9,-1.0000E+0,678.7329E+0,-3.0295E-3,,178.2203E+0,,34.4250E-3,1.8999E+0,-298.2251E-9,-500.0000E-3,764.9925E+0,-5.9645E-3,,95.3360E+0,,36.5030E-3,1.8999E+0,-193.4022E-9,000.0000E+0,811.1697E+0,-3.8680E-3,,77.2243E+0,,37.6957E-3,1.8999E+0,-231.1390E-9,500.0000E-3,837.6729E+0,-4.6228E-3,,70.9103E+0,,38.5610E-3,1.8999E+0,-218.5607E-9,1.0000E+0,856.9020E+0,-4.3712E-3,,68.2321E+0,,39.1681E-3,1.8999E+0,-273.0685E-9,1.5000E+0,870.3931E+0,-5.4614E-3,,66.5631E+0,,40.0263E-3,1.8999E+0,-50.8408E-9,2.0000E+0,889.4655E+0,-1.0168E-3,,65.9099E+0,,,,,,,,,,,,,,,,,,,,,,,,,,,,,,,,,,,,,,,,,,,,,,,,,,,,,,,,,,,,,,,,,,,,,,,,,,,,,,,,,,,,,,,,,,,,,,,,,,,,,,,,,,,,,,,,,,,,,,,,,,
843.8060E-9,2.0000E+0,-3.1201E-6,-5.0000E+0,18.7511E-3,-62.4018E-3,,4.7498E+6,,671.3830E-9,2.0000E+0,-2.3989E-6,-4.5000E+0,14.9195E-3,-47.9780E-3,,5.1161E+6,,550.5728E-9,2.0000E+0,-1.6442E-6,-4.0000E+0,12.2348E-3,-32.8833E-3,,5.1731E+6,,515.4160E-9,1.9999E+0,-1.0152E-6,-3.5000E+0,11.4536E-3,-20.3044E-3,,4.2811E+6,,1.1699E-3,1.9999E+0,-792.9957E-9,-3.0000E+0,25.9982E+0,-15.8599E-3,,11.1838E+3,,7.8347E-3,2.0000E+0,-516.2601E-9,-2.5000E+0,174.1019E+0,-10.3252E-3,,4.5935E+3,,16.0300E-3,1.9999E+0,-327.5763E-9,-2.0000E+0,356.2185E+0,-6.5515E-3,,2.2352E+3,,24.0057E-3,2.0000E+0,-205.9805E-9,-1.5000E+0,533.4536E+0,-4.1196E-3,,1.2092E+3,,30.9594E-3,2.0000E+0,-159.8582E-9,-1.0000E+0,687.9799E+0,-3.1972E-3,,240.5339E+0,,35.3542E-3,2.0000E+0,-264.6811E-9,-500.0000E-3,785.6403E+0,-5.2936E-3,,107.7274E+0,,37.7055E-3,2.0000E+0,-239.5245E-9,000.0000E+0,837.8927E+0,-4.7905E-3,,83.2437E+0,,39.0317E-3,2.0000E+0,-168.2438E-9,500.0000E-3,867.3632E+0,-3.3649E-3,,74.9204E+0,,39.9614E-3,2.0000E+0,-294.0324E-9,1.0000E+0,888.0228E+0,-5.8806E-3,,71.4685E+0,,40.6057E-3,2.0000E+0,-277.2595E-9,1.5000E+0,902.3400E+0,-5.5452E-3,,69.6255E+0,,41.4775E-3,2.0000E+0,-168.2438E-9,2.0000E+0,921.7125E+0,-3.3649E-3,,68.9830E+0,,,,,,,,,,,,,,,,,,,,,,,,,,,,,,,,,,,,,,,,,,,,,,,,,,,,,,,,,,,,,,,,,,,,,,,,,,,,,,,,,,,,,,,,,,,,,,,,,,,,,,,,,,,,,,,,,,,,,,,,,,
866.5928E-9,2.0998E+0,-3.2249E-6,-5.0000E+0,19.2574E-3,-64.4983E-3,,4.3820E+6,,695.9980E-9,2.0998E+0,-2.3486E-6,-4.5000E+0,15.4665E-3,-46.9717E-3,,4.0564E+6,,573.5117E-9,2.0998E+0,-1.6651E-6,-4.0000E+0,12.7446E-3,-33.3026E-3,,4.3520E+6,,533.6893E-9,2.0997E+0,-1.0530E-6,-3.5000E+0,11.8596E-3,-21.0592E-3,,5.4636E+6,,1.1772E-3,2.0998E+0,-776.2246E-9,-3.0000E+0,26.1606E+0,-15.5245E-3,,13.6636E+3,,7.8611E-3,2.0999E+0,-507.8746E-9,-2.5000E+0,174.6887E+0,-10.1575E-3,,3.7806E+3,,16.0707E-3,2.0998E+0,-281.4540E-9,-2.0000E+0,357.1235E+0,-5.6291E-3,,2.4517E+3,,24.0739E-3,2.0998E+0,-185.0149E-9,-1.5000E+0,534.9696E+0,-3.7003E-3,,1.4634E+3,,31.2530E-3,2.0998E+0,-218.5607E-9,-1.0000E+0,694.5035E+0,-4.3712E-3,,340.1235E+0,,36.1547E-3,2.0998E+0,-294.0324E-9,-500.0000E-3,803.4290E+0,-5.8806E-3,,124.7330E+0,,38.8169E-3,2.0998E+0,-235.3318E-9,000.0000E+0,862.5890E+0,-4.7066E-3,,89.8420E+0,,40.2902E-3,2.0998E+0,-226.9444E-9,500.0000E-3,895.3279E+0,-4.5389E-3,,79.3438E+0,,41.2848E-3,2.0998E+0,-201.7878E-9,1.0000E+0,917.4311E+0,-4.0358E-3,,75.4481E+0,,41.9681E-3,2.0998E+0,-277.2595E-9,1.5000E+0,932.6162E+0,-5.5452E-3,,73.2832E+0,,42.8545E-3,2.0998E+0,-247.9101E-9,2.0000E+0,952.3131E+0,-4.9582E-3,,72.5075E+0,,,,,,,,,,,,,,,,,,,,,,,,,,,,,,,,,,,,,,,,,,,,,,,,,,,,,,,,,,,,,,,,,,,,,,,,,,,,,,,,,,,,,,,,,,,,,,,,,,,,,,,,,,,,,,,,,,,,,,,,,,
891.0204E-9,2.2000E+0,-3.2207E-6,-5.0000E+0,19.8003E-3,-64.4144E-3,,4.1006E+6,,721.2407E-9,2.2000E+0,-2.4157E-6,-4.5000E+0,16.0274E-3,-48.3135E-3,,3.9704E+6,,593.3029E-9,2.2000E+0,-1.7071E-6,-4.0000E+0,13.1844E-3,-34.1413E-3,,5.0627E+6,,561.3743E-9,2.1998E+0,-1.0613E-6,-3.5000E+0,12.4749E-3,-21.2269E-3,,3.6149E+6,,1.1835E-3,2.1999E+0,-759.4517E-9,-3.0000E+0,26.2999E+0,-15.1890E-3,,15.9788E+3,,7.8863E-3,2.2001E+0,-486.9089E-9,-2.5000E+0,175.2498E+0,-9.7382E-3,,3.9676E+3,,16.1067E-3,2.2000E+0,-327.5763E-9,-2.0000E+0,357.9236E+0,-6.5515E-3,,2.7818E+3,,24.1302E-3,2.2000E+0,-189.2095E-9,-1.5000E+0,536.2205E+0,-3.7842E-3,,1.7796E+3,,31.4537E-3,2.2000E+0,-243.7173E-9,-1.0000E+0,698.9634E+0,-4.8743E-3,,499.0848E+0,,36.8302E-3,2.2000E+0,-226.9444E-9,-500.0000E-3,818.4414E+0,-4.5389E-3,,148.2790E+0,,39.8388E-3,2.2000E+0,-210.1733E-9,000.0000E+0,885.2974E+0,-4.2035E-3,,98.0301E+0,,41.4751E-3,2.2000E+0,-168.2438E-9,500.0000E-3,921.6590E+0,-3.3649E-3,,84.5355E+0,,42.5466E-3,2.2000E+0,-214.3661E-9,1.0000E+0,945.4695E+0,-4.2873E-3,,79.3933E+0,,43.2721E-3,2.2000E+0,-310.8053E-9,1.5000E+0,961.5934E+0,-6.2161E-3,,76.8305E+0,,44.1690E-3,2.2000E+0,-273.0685E-9,2.0000E+0,981.5240E+0,-5.4614E-3,,76.2055E+0,,,,,,,,,,,,,,,,,,,,,,,,,,,,,,,,,,,,,,,,,,,,,,,,,,,,,,,,,,,,,,,,,,,,,,,,,,,,,,,,,,,,,,,,,,,,,,,,,,,,,,,,,,,,,,,,,,,,,,,,,,
903.2834E-9,2.3001E+0,-3.3046E-6,-5.0000E+0,20.0728E-3,-66.0916E-3,,8.1588E+6,,738.6984E-9,2.3002E+0,-2.4031E-6,-4.5000E+0,16.4154E-3,-48.0618E-3,,5.7367E+6,,619.8734E-9,2.3001E+0,-1.7196E-6,-4.0000E+0,13.7748E-3,-34.3928E-3,,3.7695E+6,,583.4991E-9,2.3002E+0,-1.1200E-6,-3.5000E+0,12.9665E-3,-22.4010E-3,,4.5360E+6,,1.1928E-3,2.3001E+0,-813.9596E-9,-3.0000E+0,26.5057E+0,-16.2792E-3,,10.8164E+3,,7.9122E-3,2.3002E+0,-524.6457E-9,-2.5000E+0,175.8257E+0,-10.4929E-3,,3.8654E+3,,16.1408E-3,2.3001E+0,-298.2251E-9,-2.0000E+0,358.6810E+0,-5.9645E-3,,2.9393E+3,,24.1794E-3,2.3001E+0,-210.1733E-9,-1.5000E+0,537.3157E+0,-4.2035E-3,,2.0325E+3,,31.5914E-3,2.3002E+0,-256.2956E-9,-1.0000E+0,702.0232E+0,-5.1259E-3,,727.5405E+0,,37.3802E-3,2.3002E+0,-193.4022E-9,-500.0000E-3,830.6617E+0,-3.8680E-3,,182.1393E+0,,40.7657E-3,2.3002E+0,-197.5932E-9,000.0000E+0,905.8951E+0,-3.9519E-3,,108.0629E+0,,42.5863E-3,2.3002E+0,-113.7341E-9,500.0000E-3,946.3535E+0,-2.2747E-3,,90.1438E+0,,43.7395E-3,2.3002E+0,-197.5932E-9,1.0000E+0,971.9801E+0,-3.9519E-3,,83.9652E+0,,44.5091E-3,2.3002E+0,-298.2251E-9,1.5000E+0,989.0808E+0,-5.9645E-3,,80.9786E+0,,45.4207E-3,2.3002E+0,-298.2251E-9,2.0000E+0,1.0093E+3,-5.9645E-3,,80.0329E+0,,,,,,,,,,,,,,,,,,,,,,,,,,,,,,,,,,,,,,,,,,,,,,,,,,,,,,,,,,,,,,,,,,,,,,,,,,,,,,,,,,,,,,,,,,,,,,,,,,,,,,,,,,,,,,,,,,,,,,,,,,
927.6591E-9,2.3999E+0,-3.2543E-6,-5.0000E+0,20.6144E-3,-65.0853E-3,,4.0966E+6,,764.6405E-9,2.4001E+0,-2.4366E-6,-4.5000E+0,16.9918E-3,-48.7328E-3,,3.8498E+6,,641.1597E-9,2.4000E+0,-1.7196E-6,-4.0000E+0,14.2479E-3,-34.3928E-3,,4.6922E+6,,599.4343E-9,2.3999E+0,-1.1200E-6,-3.5000E+0,13.3206E-3,-22.4010E-3,,6.2599E+6,,1.1982E-3,2.4000E+0,-839.1180E-9,-3.0000E+0,26.6272E+0,-16.7824E-3,,18.2728E+3,,7.9327E-3,2.4001E+0,-579.1535E-9,-2.5000E+0,176.2815E+0,-11.5831E-3,,4.8680E+3,,16.1710E-3,2.4000E+0,-294.0324E-9,-2.0000E+0,359.3517E+0,-5.8806E-3,,3.3082E+3,,24.2185E-3,2.4000E+0,-147.2781E-9,-1.5000E+0,538.1836E+0,-2.9456E-3,,2.5569E+3,,31.6894E-3,2.4000E+0,-210.1733E-9,-1.0000E+0,704.2013E+0,-4.2035E-3,,1.0188E+3,,37.8108E-3,2.4000E+0,-180.8239E-9,-500.0000E-3,840.2326E+0,-3.6165E-3,,231.8651E+0,,41.5926E-3,2.4000E+0,-201.7878E-9,000.0000E+0,924.2713E+0,-4.0358E-3,,120.7641E+0,,43.6187E-3,2.4000E+0,-189.2095E-9,500.0000E-3,969.2947E+0,-3.7842E-3,,96.7343E+0,,44.8635E-3,2.4000E+0,-226.9444E-9,1.0000E+0,996.9574E+0,-4.5389E-3,,88.8492E+0,,45.6770E-3,2.4000E+0,-310.8053E-9,1.5000E+0,1.0150E+3,-6.2161E-3,,85.5032E+0,,46.6059E-3,2.4000E+0,-302.4197E-9,2.0000E+0,1.0357E+3,-6.0484E-3,,84.2533E+0,,,,,,,,,,,,,,,,,,,,,,,,,,,,,,,,,,,,,,,,,,,,,,,,,,,,,,,,,,,,,,,,,,,,,,,,,,,,,,,,,,,,,,,,,,,,,,,,,,,,,,,,,,,,,,,,,,,,,,,,,,
947.2228E-9,2.5001E+0,-3.2794E-6,-5.0000E+0,21.0492E-3,-65.5885E-3,,5.1198E+6,,784.4670E-9,2.5002E+0,-2.5205E-6,-4.5000E+0,17.4324E-3,-50.4099E-3,,5.0495E+6,,658.8622E-9,2.5002E+0,-1.7364E-6,-4.0000E+0,14.6412E-3,-34.7283E-3,,5.6579E+6,,622.9830E-9,2.5001E+0,-1.1620E-6,-3.5000E+0,13.8439E-3,-23.2396E-3,,4.2518E+6,,1.2066E-3,2.5001E+0,-847.5054E-9,-3.0000E+0,26.8138E+0,-16.9501E-3,,11.9253E+3,,7.9549E-3,2.5002E+0,-600.1192E-9,-2.5000E+0,176.7743E+0,-12.0024E-3,,4.5159E+3,,16.2035E-3,2.5001E+0,-302.4197E-9,-2.0000E+0,360.0749E+0,-6.0484E-3,,3.0777E+3,,24.2582E-3,2.5002E+0,-205.9805E-9,-1.5000E+0,539.0659E+0,-4.1196E-3,,2.5225E+3,,31.7626E-3,2.5002E+0,-197.5932E-9,-1.0000E+0,705.8278E+0,-3.9519E-3,,1.3683E+3,,38.1349E-3,2.5002E+0,-197.5932E-9,-500.0000E-3,847.4346E+0,-3.9519E-3,,309.0306E+0,,42.3243E-3,2.5002E+0,-252.1028E-9,000.0000E+0,940.5300E+0,-5.0421E-3,,136.8854E+0,,44.5792E-3,2.5002E+0,-226.9444E-9,500.0000E-3,990.6388E+0,-4.5389E-3,,104.2667E+0,,45.9242E-3,2.5002E+0,-180.8239E-9,1.0000E+0,1.0205E+3,-3.6165E-3,,94.4288E+0,,46.7911E-3,2.5002E+0,-260.4902E-9,1.5000E+0,1.0398E+3,-5.2098E-3,,89.9007E+0,,47.7332E-3,2.5002E+0,-294.0324E-9,2.0000E+0,1.0607E+3,-5.8806E-3,,88.8454E+0,,,,,,,,,,,,,,,,,,,,,,,,,,,,,,,,,,,,,,,,,,,,,,,,,,,,,,,,,,,,,,,,,,,,,,,,,,,,,,,,,,,,,,,,,,,,,,,,,,,,,,,,,,,,,,,,,,,,,,,,,,
975.5852E-9,2.6003E+0,-3.3088E-6,-5.0000E+0,21.6795E-3,-66.1755E-3,,3.5319E+6,,816.6804E-9,2.6004E+0,-2.5289E-6,-4.5000E+0,18.1483E-3,-50.5777E-3,,3.1115E+6,,681.6498E-9,2.6004E+0,-1.7364E-6,-4.0000E+0,15.1476E-3,-34.7283E-3,,4.3959E+6,,646.8365E-9,2.6002E+0,-1.1620E-6,-3.5000E+0,14.3740E-3,-23.2396E-3,,4.1994E+6,,1.2132E-3,2.6003E+0,-872.6620E-9,-3.0000E+0,26.9602E+0,-17.4532E-3,,15.2034E+3,,7.9764E-3,2.6004E+0,-600.1192E-9,-2.5000E+0,177.2507E+0,-12.0024E-3,,4.6725E+3,,16.2314E-3,2.6003E+0,-335.9619E-9,-2.0000E+0,360.6936E+0,-6.7192E-3,,3.5979E+3,,24.2930E-3,2.6003E+0,-164.0510E-9,-1.5000E+0,539.8385E+0,-3.2810E-3,,2.8813E+3,,31.8208E-3,2.6003E+0,-197.5932E-9,-1.0000E+0,707.1223E+0,-3.9519E-3,,1.7197E+3,,38.3742E-3,2.6004E+0,-226.9444E-9,-500.0000E-3,852.7506E+0,-4.5389E-3,,418.7248E+0,,42.9549E-3,2.6004E+0,-214.3661E-9,000.0000E+0,954.5440E+0,-4.2873E-3,,158.8515E+0,,45.4659E-3,2.6004E+0,-168.2438E-9,500.0000E-3,1.0103E+3,-3.3649E-3,,112.9760E+0,,46.9264E-3,2.6004E+0,-231.1390E-9,1.0000E+0,1.0428E+3,-4.6228E-3,,99.9544E+0,,47.8439E-3,2.6004E+0,-289.8414E-9,1.5000E+0,1.0632E+3,-5.7968E-3,,95.1532E+0,,48.8056E-3,2.6004E+0,-327.5763E-9,2.0000E+0,1.0846E+3,-6.5515E-3,,93.4068E+0,,,,,,,,,,,,,,,,,,,,,,,,,,,,,,,,,,,,,,,,,,,,,,,,,,,,,,,,,,,,,,,,,,,,,,,,,,,,,,,,,,,,,,,,,,,,,,,,,,,,,,,,,,,,,,,,,,,,,,,,,,
1.0026E-6,2.7004E+0,-3.3046E-6,-5.0000E+0,22.2806E-3,-66.0916E-3,,3.7020E+6,,838.1172E-9,2.7006E+0,-2.5289E-6,-4.5000E+0,18.6246E-3,-50.5777E-3,,4.6720E+6,,705.1883E-9,2.7005E+0,-1.7825E-6,-4.0000E+0,15.6707E-3,-35.6507E-3,,4.2555E+6,,667.4357E-9,2.7004E+0,-1.2374E-6,-3.5000E+0,14.8318E-3,-24.7490E-3,,4.8642E+6,,1.2242E-3,2.7005E+0,-872.6620E-9,-3.0000E+0,27.2037E+0,-17.4532E-3,,9.1405E+3,,7.9995E-3,2.7006E+0,-595.9264E-9,-2.5000E+0,177.7648E+0,-11.9185E-3,,4.3305E+3,,16.2588E-3,2.7005E+0,-344.3492E-9,-2.0000E+0,361.3041E+0,-6.8870E-3,,3.6457E+3,,24.3222E-3,2.7005E+0,-155.6637E-9,-1.5000E+0,540.4873E+0,-3.1133E-3,,3.4308E+3,,31.8650E-3,2.7005E+0,-201.7878E-9,-1.0000E+0,708.1051E+0,-4.0358E-3,,2.2648E+3,,38.5418E-3,2.7005E+0,-256.2956E-9,-500.0000E-3,856.4768E+0,-5.1259E-3,,597.4314E+0,,43.4874E-3,2.7005E+0,-222.7516E-9,000.0000E+0,966.3769E+0,-4.4550E-3,,188.1109E+0,,46.2787E-3,2.7005E+0,-201.7878E-9,500.0000E-3,1.0284E+3,-4.0358E-3,,123.2331E+0,,47.8667E-3,2.7005E+0,-176.6293E-9,1.0000E+0,1.0637E+3,-3.5326E-3,,106.5275E+0,,48.8421E-3,2.7005E+0,-281.4540E-9,1.5000E+0,1.0854E+3,-5.6291E-3,,100.3479E+0,,49.8226E-3,2.7005E+0,-352.7348E-9,2.0000E+0,1.1072E+3,-7.0547E-3,,98.5003E+0,,,,,,,,,,,,,,,,,,,,,,,,,,,,,,,,,,,,,,,,,,,,,,,,,,,,,,,,,,,,,,,,,,,,,,,,,,,,,,,,,,,,,,,,,,,,,,,,,,,,,,,,,,,,,,,,,,,,,,,,,,
1.0224E-6,2.8001E+0,-3.3339E-6,-5.0000E+0,22.7191E-3,-66.6786E-3,,5.0539E+6,,854.2641E-9,2.8002E+0,-2.6337E-6,-4.5000E+0,18.9835E-3,-52.6741E-3,,6.1735E+6,,725.5339E-9,2.8002E+0,-1.7951E-6,-4.0000E+0,16.1228E-3,-35.9023E-3,,4.9015E+6,,685.5026E-9,2.8003E+0,-1.1746E-6,-3.5000E+0,15.2332E-3,-23.4911E-3,,5.5264E+6,,1.2306E-3,2.8002E+0,-943.9427E-9,-3.0000E+0,27.3464E+0,-18.8789E-3,,15.5325E+3,,8.0223E-3,2.8003E+0,-637.8559E-9,-2.5000E+0,178.2709E+0,-12.7571E-3,,4.3772E+3,,16.2827E-3,2.8002E+0,-352.7348E-9,-2.0000E+0,361.8343E+0,-7.0547E-3,,4.1787E+3,,24.3525E-3,2.8002E+0,-164.0510E-9,-1.5000E+0,541.1602E+0,-3.2810E-3,,3.2928E+3,,31.9039E-3,2.8002E+0,-226.9444E-9,-1.0000E+0,708.9694E+0,-4.5389E-3,,2.5639E+3,,38.6645E-3,2.8002E+0,-226.9444E-9,-500.0000E-3,859.2027E+0,-4.5389E-3,,812.7775E+0,,43.9215E-3,2.8003E+0,-235.3318E-9,000.0000E+0,976.0227E+0,-4.7066E-3,,229.7289E+0,,47.0112E-3,2.8002E+0,-239.5245E-9,500.0000E-3,1.0447E+3,-4.7905E-3,,136.1260E+0,,48.7417E-3,2.8003E+0,-214.3661E-9,1.0000E+0,1.0831E+3,-4.2873E-3,,113.9508E+0,,49.7849E-3,2.8003E+0,-285.6468E-9,1.5000E+0,1.1063E+3,-5.7129E-3,,105.7558E+0,,50.7812E-3,2.8003E+0,-348.5402E-9,2.0000E+0,1.1285E+3,-6.9708E-3,,104.0191E+0,,,,,,,,,,,,,,,,,,,,,,,,,,,,,,,,,,,,,,,,,,,,,,,,,,,,,,,,,,,,,,,,,,,,,,,,,,,,,,,,,,,,,,,,,,,,,,,,,,,,,,,,,,,,,,,,,,,,,,,,,,
1.0481E-6,2.9002E+0,-3.3381E-6,-5.0000E+0,23.2908E-3,-66.7625E-3,,3.8886E+6,,880.7003E-9,2.9003E+0,-2.5750E-6,-4.5000E+0,19.5709E-3,-51.5001E-3,,3.7848E+6,,744.8680E-9,2.9003E+0,-1.8412E-6,-4.0000E+0,16.5525E-3,-36.8247E-3,,5.1727E+6,,703.4214E-9,2.9004E+0,-1.2123E-6,-3.5000E+0,15.6314E-3,-24.2459E-3,,5.5887E+6,,1.2382E-3,2.9002E+0,-952.3283E-9,-3.0000E+0,27.5142E+0,-19.0466E-3,,13.2448E+3,,8.0435E-3,2.9003E+0,-612.6975E-9,-2.5000E+0,178.7428E+0,-12.2539E-3,,4.7112E+3,,16.3134E-3,2.9002E+0,-428.2065E-9,-2.0000E+0,362.5164E+0,-8.5641E-3,,3.2594E+3,,24.3789E-3,2.9002E+0,-222.7516E-9,-1.5000E+0,541.7474E+0,-4.4550E-3,,3.7859E+3,,31.9340E-3,2.9003E+0,-214.3661E-9,-1.0000E+0,709.6379E+0,-4.2873E-3,,3.3253E+3,,38.7515E-3,2.9003E+0,-226.9444E-9,-500.0000E-3,861.1366E+0,-4.5389E-3,,1.1495E+3,,44.2696E-3,2.9003E+0,-226.9444E-9,000.0000E+0,983.7598E+0,-4.5389E-3,,287.2858E+0,,47.6716E-3,2.9003E+0,-210.1733E-9,500.0000E-3,1.0594E+3,-4.2035E-3,,151.5033E+0,,49.5606E-3,2.9003E+0,-235.3318E-9,1.0000E+0,1.1013E+3,-4.7066E-3,,122.1678E+0,,50.6713E-3,2.9003E+0,-277.2595E-9,1.5000E+0,1.1260E+3,-5.5452E-3,,112.8719E+0,,51.6919E-3,2.9003E+0,-356.9276E-9,2.0000E+0,1.1487E+3,-7.1386E-3,,109.8372E+0,,,,,,,,,,,,,,,,,,,,,,,,,,,,,,,,,,,,,,,,,,,,,,,,,,,,,,,,,,,,,,,,,,,,,,,,,,,,,,,,,,,,,,,,,,,,,,,,,,,,,,,,,,,,,,,,,,,,,,,,,,
1.0715E-6,3.0002E+0,-3.3214E-6,-5.0000E+0,23.8107E-3,-66.4271E-3,,4.2752E+6,,895.9320E-9,3.0002E+0,-2.6966E-6,-4.5000E+0,19.9094E-3,-53.9320E-3,,6.5589E+6,,768.5736E-9,3.0003E+0,-1.7909E-6,-4.0000E+0,17.0792E-3,-35.8184E-3,,4.2192E+6,,738.2749E-9,3.0004E+0,-1.2416E-6,-3.5000E+0,16.4059E-3,-24.8329E-3,,2.8687E+6,,1.2444E-3,3.0002E+0,-990.0650E-9,-3.0000E+0,27.6540E+0,-19.8013E-3,,15.9008E+3,,8.0648E-3,3.0004E+0,-675.5927E-9,-2.5000E+0,179.2160E+0,-13.5119E-3,,4.6973E+3,,16.3394E-3,3.0002E+0,-394.6643E-9,-2.0000E+0,363.0935E+0,-7.8933E-3,,3.8518E+3,,24.4021E-3,3.0003E+0,-201.7878E-9,-1.5000E+0,542.2636E+0,-4.0358E-3,,4.3054E+3,,31.9649E-3,3.0003E+0,-193.4022E-9,-1.0000E+0,710.3240E+0,-3.8680E-3,,3.2397E+3,,38.8192E-3,3.0003E+0,-214.3661E-9,-500.0000E-3,862.6399E+0,-4.2873E-3,,1.4786E+3,,44.5378E-3,3.0003E+0,-210.1733E-9,000.0000E+0,989.7188E+0,-4.2035E-3,,373.0401E+0,,48.2576E-3,3.0003E+0,-256.2956E-9,500.0000E-3,1.0724E+3,-5.1259E-3,,170.6579E+0,,50.3194E-3,3.0003E+0,-218.5607E-9,1.0000E+0,1.1182E+3,-4.3712E-3,,131.8257E+0,,51.5075E-3,3.0003E+0,-273.0685E-9,1.5000E+0,1.1446E+3,-5.4614E-3,,119.6024E+0,,52.5545E-3,3.0003E+0,-415.6282E-9,2.0000E+0,1.1679E+3,-8.3126E-3,,115.9720E+0,,,,,,,,,,,,,,,,,,,,,,,,,,,,,,,,,,,,,,,,,,,,,,,,,,,,,,,,,,,,,,,,,,,,,,,,,,,,,,,,,,,,,,,,,,,,,,,,,,,,,,,,,,,,,,,,,,,,,,,,,,
1.0927E-6,3.0999E+0,-3.4429E-6,-5.0000E+0,24.2820E-3,-68.8590E-3,,4.7032E+6,,922.6999E-9,3.0999E+0,-2.6589E-6,-4.5000E+0,20.5042E-3,-53.1773E-3,,3.7256E+6,,792.9760E-9,3.1000E+0,-1.8203E-6,-4.0000E+0,17.6215E-3,-36.4054E-3,,4.0886E+6,,758.6003E-9,3.1001E+0,-1.3297E-6,-3.5000E+0,16.8576E-3,-26.5939E-3,,4.9049E+6,,1.2535E-3,3.1000E+0,-956.5210E-9,-3.0000E+0,27.8556E+0,-19.1304E-3,,10.9961E+3,,8.0875E-3,3.1001E+0,-583.3481E-9,-2.5000E+0,179.7206E+0,-11.6670E-3,,4.3917E+3,,16.3605E-3,3.1000E+0,-415.6282E-9,-2.0000E+0,363.5627E+0,-8.3126E-3,,4.7229E+3,,24.4251E-3,3.1000E+0,-252.1028E-9,-1.5000E+0,542.7738E+0,-5.0421E-3,,4.3444E+3,,31.9897E-3,3.1000E+0,-210.1733E-9,-1.0000E+0,710.8756E+0,-4.2035E-3,,4.0179E+3,,38.8690E-3,3.1000E+0,-201.7878E-9,-500.0000E-3,863.7480E+0,-4.0358E-3,,1.9998E+3,,44.7379E-3,3.1000E+0,-226.9444E-9,000.0000E+0,994.1656E+0,-4.5389E-3,,498.3305E+0,,48.7638E-3,3.1000E+0,-239.5245E-9,500.0000E-3,1.0836E+3,-4.7905E-3,,197.0310E+0,,51.0210E-3,3.1001E+0,-201.7878E-9,1.0000E+0,1.1338E+3,-4.0358E-3,,142.1526E+0,,52.2926E-3,3.1001E+0,-281.4540E-9,1.5000E+0,1.1620E+3,-5.6291E-3,,127.0276E+0,,53.3681E-3,3.1001E+0,-453.3667E-9,2.0000E+0,1.1859E+3,-9.0673E-3,,122.5727E+0,,,,,,,,,,,,,,,,,,,,,,,,,,,,,,,,,,,,,,,,,,,,,,,,,,,,,,,,,,,,,,,,,,,,,,,,,,,,,,,,,,,,,,,,,,,,,,,,,,,,,,,,,,,,,,,,,,,,,,,,,,
1.1180E-6,3.1999E+0,-3.4471E-6,-5.0000E+0,24.8447E-3,-68.9429E-3,,3.9492E+6,,952.8329E-9,3.1999E+0,-2.7218E-6,-4.5000E+0,21.1739E-3,-54.4352E-3,,3.3194E+6,,815.8837E-9,3.2001E+0,-1.8664E-6,-4.0000E+0,18.1306E-3,-37.3279E-3,,4.3674E+6,,780.3856E-9,3.2001E+0,-1.2920E-6,-3.5000E+0,17.3417E-3,-25.8392E-3,,4.5926E+6,,1.2614E-3,3.2000E+0,-990.0650E-9,-3.0000E+0,28.0311E+0,-19.8013E-3,,12.6598E+3,,8.1055E-3,3.2001E+0,-671.3999E-9,-2.5000E+0,180.1201E+0,-13.4280E-3,,5.5641E+3,,16.3867E-3,3.2000E+0,-411.4372E-9,-2.0000E+0,364.1452E+0,-8.2287E-3,,3.8159E+3,,24.4450E-3,3.2000E+0,-273.0685E-9,-1.5000E+0,543.2163E+0,-5.4614E-3,,5.0227E+3,,32.0126E-3,3.2000E+0,-180.8239E-9,-1.0000E+0,711.3830E+0,-3.6165E-3,,4.3802E+3,,38.9104E-3,3.2001E+0,-218.5607E-9,-500.0000E-3,864.6662E+0,-4.3712E-3,,2.4210E+3,,44.8886E-3,3.2001E+0,-197.5932E-9,000.0000E+0,997.5138E+0,-3.9519E-3,,663.9537E+0,,49.2012E-3,3.2001E+0,-214.3661E-9,500.0000E-3,1.0933E+3,-4.2873E-3,,228.6442E+0,,51.6683E-3,3.2001E+0,-193.4022E-9,1.0000E+0,1.1482E+3,-3.8680E-3,,154.5156E+0,,53.0357E-3,3.2001E+0,-264.6811E-9,1.5000E+0,1.1786E+3,-5.2936E-3,,134.6214E+0,,54.1388E-3,3.2001E+0,-411.4372E-9,2.0000E+0,1.2031E+3,-8.2287E-3,,129.7843E+0,,,,,,,,,,,,,,,,,,,,,,,,,,,,,,,,,,,,,,,,,,,,,,,,,,,,,,,,,,,,,,,,,,,,,,,,,,,,,,,,,,,,,,,,,,,,,,,,,,,,,,,,,,,,,,,,,,,,,,,,,,
1.1441E-6,3.3000E+0,-3.4765E-6,-5.0000E+0,25.4239E-3,-69.5299E-3,,3.8378E+6,,974.6487E-9,3.3000E+0,-2.6966E-6,-4.5000E+0,21.6586E-3,-53.9320E-3,,4.5855E+6,,834.8039E-9,3.3001E+0,-1.8706E-6,-4.0000E+0,18.5510E-3,-37.4118E-3,,5.2859E+6,,795.1490E-9,3.3002E+0,-1.2962E-6,-3.5000E+0,17.6698E-3,-25.9230E-3,,6.7746E+6,,1.2666E-3,3.3000E+0,-1.0194E-6,-3.0000E+0,28.1464E+0,-20.3883E-3,,19.2811E+3,,8.1259E-3,3.3001E+0,-742.6788E-9,-2.5000E+0,180.5746E+0,-14.8536E-3,,4.8908E+3,,16.4064E-3,3.3000E+0,-403.0499E-9,-2.0000E+0,364.5829E+0,-8.0610E-3,,5.0786E+3,,24.4633E-3,3.3001E+0,-235.3318E-9,-1.5000E+0,543.6236E+0,-4.7066E-3,,5.4586E+3,,32.0301E-3,3.3001E+0,-168.2438E-9,-1.0000E+0,711.7718E+0,-3.3649E-3,,5.7168E+3,,38.9454E-3,3.3001E+0,-205.9805E-9,-500.0000E-3,865.4442E+0,-4.1196E-3,,2.8575E+3,,44.9982E-3,3.3001E+0,-218.5607E-9,000.0000E+0,999.9492E+0,-4.3712E-3,,912.6641E+0,,49.5659E-3,3.3001E+0,-231.1390E-9,500.0000E-3,1.1015E+3,-4.6228E-3,,274.3066E+0,,52.2582E-3,3.3001E+0,-193.4022E-9,1.0000E+0,1.1613E+3,-3.8680E-3,,169.5736E+0,,53.7303E-3,3.3001E+0,-314.9980E-9,1.5000E+0,1.1940E+3,-6.3000E-3,,144.0103E+0,,54.8665E-3,3.3001E+0,-407.2426E-9,2.0000E+0,1.2192E+3,-8.1449E-3,,137.4641E+0,,,,,,,,,,,,,,,,,,,,,,,,,,,,,,,,,,,,,,,,,,,,,,,,,,,,,,,,,,,,,,,,,,,,,,,,,,,,,,,,,,,,,,,,,,,,,,,,,,,,,,,,,,,,,,,,,,,,,,,,,,
1.1656E-6,3.3999E+0,-3.4933E-6,-5.0000E+0,25.9029E-3,-69.8653E-3,,4.6385E+6,,1.0009E-6,3.3999E+0,-2.6924E-6,-4.5000E+0,22.2413E-3,-53.8482E-3,,3.8128E+6,,860.1655E-9,3.4000E+0,-1.9586E-6,-4.0000E+0,19.1146E-3,-39.1728E-3,,3.9404E+6,,816.9834E-9,3.4001E+0,-1.3003E-6,-3.5000E+0,18.1550E-3,-26.0069E-3,,4.5788E+6,,1.2719E-3,3.4000E+0,-1.0110E-6,-3.0000E+0,28.2647E+0,-20.2206E-3,,18.7742E+3,,8.1438E-3,3.4001E+0,-696.5583E-9,-2.5000E+0,180.9720E+0,-13.9312E-3,,5.5912E+3,,16.4309E-3,3.4000E+0,-482.7161E-9,-2.0000E+0,365.1282E+0,-9.6543E-3,,4.0747E+3,,24.4869E-3,3.4000E+0,-260.4902E-9,-1.5000E+0,544.1469E+0,-5.2098E-3,,4.2441E+3,,32.0466E-3,3.4000E+0,-180.8239E-9,-1.0000E+0,712.1403E+0,-3.6165E-3,,6.0293E+3,,38.9713E-3,3.4001E+0,-197.5932E-9,-500.0000E-3,866.0193E+0,-3.9519E-3,,3.8630E+3,,45.0812E-3,3.4001E+0,-205.9805E-9,000.0000E+0,1.0018E+3,-4.1196E-3,,1.2033E+3,,49.8631E-3,3.4001E+0,-155.6637E-9,500.0000E-3,1.1081E+3,-3.1133E-3,,336.4481E+0,,52.7902E-3,3.4001E+0,-235.3318E-9,1.0000E+0,1.1731E+3,-4.7066E-3,,187.9270E+0,,54.3802E-3,3.4001E+0,-319.1890E-9,1.5000E+0,1.2084E+3,-6.3838E-3,,153.8178E+0,,55.5544E-3,3.4001E+0,-386.2770E-9,2.0000E+0,1.2345E+3,-7.7255E-3,,145.3393E+0,,,,,,,,,,,,,,,,,,,,,,,,,,,,,,,,,,,,,,,,,,,,,,,,,,,,,,,,,,,,,,,,,,,,,,,,,,,,,,,,,,,,,,,,,,,,,,,,,,,,,,,,,,,,,,,,,,,,,,,,,,
1.1914E-6,3.4996E+0,-3.5520E-6,-5.0000E+0,26.4754E-3,-71.0393E-3,,3.8699E+6,,1.0217E-6,3.4996E+0,-2.7343E-6,-4.5000E+0,22.7035E-3,-54.6868E-3,,4.7931E+6,,886.2964E-9,3.4998E+0,-1.9586E-6,-4.0000E+0,19.6953E-3,-39.1728E-3,,3.8160E+6,,841.5312E-9,3.4998E+0,-1.3465E-6,-3.5000E+0,18.7005E-3,-26.9293E-3,,4.0614E+6,,1.2831E-3,3.4997E+0,-1.0362E-6,-3.0000E+0,28.5125E+0,-20.7237E-3,,8.9408E+3,,8.1660E-3,3.4998E+0,-776.2246E-9,-2.5000E+0,181.4651E+0,-15.5245E-3,,4.4923E+3,,16.4533E-3,3.4997E+0,-499.4872E-9,-2.0000E+0,365.6252E+0,-9.9897E-3,,4.4566E+3,,24.4985E-3,3.4997E+0,-252.1028E-9,-1.5000E+0,544.4055E+0,-5.0421E-3,,8.5687E+3,,32.0632E-3,3.4997E+0,-193.4022E-9,-1.0000E+0,712.5093E+0,-3.8680E-3,,6.0044E+3,,38.9931E-3,3.4997E+0,-235.3318E-9,-500.0000E-3,866.5046E+0,-4.7066E-3,,4.5639E+3,,45.1451E-3,3.4998E+0,-222.7516E-9,000.0000E+0,1.0032E+3,-4.4550E-3,,1.5621E+3,,50.0997E-3,3.4998E+0,-147.2781E-9,500.0000E-3,1.1133E+3,-2.9456E-3,,421.3624E+0,,53.2671E-3,3.4998E+0,-122.1215E-9,1.0000E+0,1.1837E+3,-2.4424E-3,,209.0127E+0,,54.9844E-3,3.4998E+0,-335.9619E-9,1.5000E+0,1.2219E+3,-6.7192E-3,,165.0043E+0,,56.1996E-3,3.4998E+0,-411.4372E-9,2.0000E+0,1.2489E+3,-8.2287E-3,,154.5308E+0,,,,,,,,,,,,,,,,,,,,,,,,,,,,,,,,,,,,,,,,,,,,,,,,,,,,,,,,,,,,,,,,,,,,,,,,,,,,,,,,,,,,,,,,,,,,,,,,,,,,,,,,,,,,,,,,,,,,,,,,,,
1.2128E-6,3.5997E+0,-3.5436E-6,-5.0000E+0,26.9500E-3,-70.8716E-3,,4.6838E+6,,1.0483E-6,3.5997E+0,-2.7553E-6,-4.5000E+0,23.2952E-3,-55.1061E-3,,3.7567E+6,,905.0341E-9,3.5997E+0,-1.9712E-6,-4.0000E+0,20.1117E-3,-39.4244E-3,,5.3315E+6,,858.2945E-9,3.5999E+0,-1.3758E-6,-3.5000E+0,19.0730E-3,-27.5164E-3,,5.9671E+6,,1.2909E-3,3.5997E+0,-1.1117E-6,-3.0000E+0,28.6874E+0,-22.2332E-3,,12.7094E+3,,8.1922E-3,3.5998E+0,-780.4174E-9,-2.5000E+0,182.0471E+0,-15.6083E-3,,3.8193E+3,,16.4735E-3,3.5997E+0,-449.1721E-9,-2.0000E+0,366.0731E+0,-8.9834E-3,,4.9627E+3,,24.5162E-3,3.5997E+0,-231.1390E-9,-1.5000E+0,544.7987E+0,-4.6228E-3,,5.6529E+3,,32.0742E-3,3.5998E+0,-189.2095E-9,-1.0000E+0,712.7519E+0,-3.7842E-3,,9.1606E+3,,39.0123E-3,3.5998E+0,-260.4902E-9,-500.0000E-3,866.9320E+0,-5.2098E-3,,5.2006E+3,,45.1922E-3,3.5998E+0,-201.7878E-9,000.0000E+0,1.0043E+3,-4.0358E-3,,2.1240E+3,,50.2843E-3,3.5998E+0,-172.4366E-9,500.0000E-3,1.1174E+3,-3.4487E-3,,541.8074E+0,,53.6909E-3,3.5998E+0,-96.9630E-9,1.0000E+0,1.1931E+3,-1.9393E-3,,236.0514E+0,,55.5498E-3,3.5998E+0,-373.6986E-9,1.5000E+0,1.2344E+3,-7.4740E-3,,176.9307E+0,,56.8122E-3,3.5998E+0,-314.9980E-9,2.0000E+0,1.2625E+3,-6.3000E-3,,163.2775E+0,,,,,,,,,,,,,,,,,,,,,,,,,,,,,,,,,,,,,,,,,,,,,,,,,,,,,,,,,,,,,,,,,,,,,,,,,,,,,,,,,,,,,,,,,,,,,,,,,,,,,,,,,,,,,,,,,,,,,,,,,,
1.2393E-6,3.6997E+0,-3.5562E-6,-5.0000E+0,27.5393E-3,-71.1232E-3,,3.7726E+6,,1.0723E-6,3.6997E+0,-2.8434E-6,-4.5000E+0,23.8292E-3,-56.8671E-3,,4.1633E+6,,925.6335E-9,3.6997E+0,-2.0006E-6,-4.0000E+0,20.5694E-3,-40.0114E-3,,4.8570E+6,,878.9979E-9,3.6999E+0,-1.4471E-6,-3.5000E+0,19.5331E-3,-28.9420E-3,,4.8328E+6,,1.3016E-3,3.6998E+0,-1.0991E-6,-3.0000E+0,28.9252E+0,-21.9817E-3,,9.3500E+3,,8.2193E-3,3.6999E+0,-776.2246E-9,-2.5000E+0,182.6502E+0,-15.5245E-3,,3.6864E+3,,16.4930E-3,3.6998E+0,-465.9450E-9,-2.0000E+0,366.5077E+0,-9.3189E-3,,5.1155E+3,,24.5294E-3,3.6998E+0,-243.7173E-9,-1.5000E+0,545.0930E+0,-4.8743E-3,,7.5550E+3,,32.0852E-3,3.6998E+0,-218.5607E-9,-1.0000E+0,712.9977E+0,-4.3712E-3,,9.0467E+3,,39.0256E-3,3.6998E+0,-268.8739E-9,-500.0000E-3,867.2264E+0,-5.3775E-3,,7.5534E+3,,45.2282E-3,3.6998E+0,-222.7516E-9,000.0000E+0,1.0051E+3,-4.4550E-3,,2.7750E+3,,50.4266E-3,3.6998E+0,-138.8944E-9,500.0000E-3,1.1206E+3,-2.7779E-3,,702.8176E+0,,54.0629E-3,3.6999E+0,-130.5070E-9,1.0000E+0,1.2014E+3,-2.6101E-3,,268.9254E+0,,56.0721E-3,3.6999E+0,-306.6107E-9,1.5000E+0,1.2460E+3,-6.1322E-3,,191.5408E+0,,57.3861E-3,3.6999E+0,-373.6986E-9,2.0000E+0,1.2752E+3,-7.4740E-3,,174.3079E+0,,,,,,,,,,,,,,,,,,,,,,,,,,,,,,,,,,,,,,,,,,,,,,,,,,,,,,,,,,,,,,,,,,,,,,,,,,,,,,,,,,,,,,,,,,,,,,,,,,,,,,,,,,,,,,,,,,,,,,,,,,
1.2638E-6,3.7998E+0,-3.5855E-6,-5.0000E+0,28.0842E-3,-71.7102E-3,,4.0797E+6,,1.1013E-6,3.7998E+0,-2.8308E-6,-4.5000E+0,24.4725E-3,-56.6155E-3,,3.4559E+6,,955.7148E-9,3.7998E+0,-2.0760E-6,-4.0000E+0,21.2379E-3,-41.5208E-3,,3.3261E+6,,898.9093E-9,3.7998E+0,-1.4597E-6,-3.5000E+0,19.9756E-3,-29.1935E-3,,5.0145E+6,,1.3129E-3,3.7998E+0,-1.1913E-6,-3.0000E+0,29.1759E+0,-23.8265E-3,,8.8678E+3,,8.2536E-3,3.7999E+0,-876.8548E-9,-2.5000E+0,183.4105E+0,-17.5371E-3,,2.9240E+3,,16.5170E-3,3.7998E+0,-491.1017E-9,-2.0000E+0,367.0403E+0,-9.8220E-3,,4.1747E+3,,24.5413E-3,3.7998E+0,-256.2956E-9,-1.5000E+0,545.3562E+0,-5.1259E-3,,8.4473E+3,,32.0943E-3,3.7999E+0,-197.5932E-9,-1.0000E+0,713.2000E+0,-3.9519E-3,,10.9886E+3,,39.0397E-3,3.7999E+0,-294.0324E-9,-500.0000E-3,867.5407E+0,-5.8806E-3,,7.0744E+3,,45.2604E-3,3.7999E+0,-247.9101E-9,000.0000E+0,1.0058E+3,-4.9582E-3,,3.1118E+3,,50.5326E-3,3.7999E+0,-189.2095E-9,500.0000E-3,1.1229E+3,-3.7842E-3,,944.5076E+0,,54.3808E-3,3.7999E+0,-122.1215E-9,1.0000E+0,1.2085E+3,-2.4424E-3,,314.7632E+0,,56.5510E-3,3.7999E+0,-277.2595E-9,1.5000E+0,1.2567E+3,-5.5452E-3,,208.9245E+0,,57.9262E-3,3.7999E+0,-327.5763E-9,2.0000E+0,1.2872E+3,-6.5515E-3,,185.2413E+0,,,,,,,,,,,,,,,,,,,,,,,,,,,,,,,,,,,,,,,,,,,,,,,,,,,,,,,,,,,,,,,,,,,,,,,,,,,,,,,,,,,,,,,,,,,,,,,,,,,,,,,,,,,,,,,,,,,,,,,,,,
1.2831E-6,3.8995E+0,-3.5939E-6,-5.0000E+0,28.5136E-3,-71.8779E-3,,5.1591E+6,,1.1273E-6,3.8994E+0,-2.9188E-6,-4.5000E+0,25.0507E-3,-58.3766E-3,,3.8309E+6,,975.7473E-9,3.8994E+0,-2.0341E-6,-4.0000E+0,21.6831E-3,-40.6823E-3,,4.9765E+6,,942.0730E-9,3.8995E+0,-1.4723E-6,-3.5000E+0,20.9347E-3,-29.4451E-3,,2.3097E+6,,1.3228E-3,3.8995E+0,-1.1704E-6,-3.0000E+0,29.3956E+0,-23.4073E-3,,10.0839E+3,,8.2878E-3,3.8996E+0,-822.3451E-9,-2.5000E+0,184.1722E+0,-16.4469E-3,,2.9083E+3,,16.5422E-3,3.8995E+0,-482.7161E-9,-2.0000E+0,367.6007E+0,-9.6543E-3,,3.9527E+3,,24.5568E-3,3.8995E+0,-239.5245E-9,-1.5000E+0,545.7016E+0,-4.7905E-3,,6.4148E+3,,32.1031E-3,3.8995E+0,-210.1733E-9,-1.0000E+0,713.3942E+0,-4.2035E-3,,11.4058E+3,,39.0505E-3,3.8995E+0,-226.9444E-9,-500.0000E-3,867.7801E+0,-4.5389E-3,,9.2497E+3,,45.2840E-3,3.8996E+0,-294.0324E-9,000.0000E+0,1.0063E+3,-5.8806E-3,,4.2233E+3,,50.6162E-3,3.8996E+0,-172.4366E-9,500.0000E-3,1.1248E+3,-3.4487E-3,,1.1916E+3,,54.6452E-3,3.8996E+0,-205.9805E-9,1.0000E+0,1.2143E+3,-4.1196E-3,,377.0906E+0,,56.9880E-3,3.8996E+0,-323.3836E-9,1.5000E+0,1.2664E+3,-6.4677E-3,,228.0924E+0,,58.4299E-3,3.8996E+0,-382.0860E-9,2.0000E+0,1.2984E+3,-7.6417E-3,,197.9540E+0,,,,,,,,,,,,,,,,,,,,,,,,,,,,,,,,,,,,,,,,,,,,,,,,,,,,,,,,,,,,,,,,,,,,,,,,,,,,,,,,,,,,,,,,,,,,,,,,,,,,,,,,,,,,,,,,,,,,,,,,,,
1.3135E-6,3.9995E+0,-3.5981E-6,-5.0000E+0,29.1896E-3,-71.9618E-3,,3.2886E+6,,1.1547E-6,3.9995E+0,-2.9314E-6,-4.5000E+0,25.6605E-3,-58.6282E-3,,3.6461E+6,,1.0029E-6,3.9995E+0,-2.0677E-6,-4.0000E+0,22.2865E-3,-41.3531E-3,,3.6843E+6,,970.0277E-9,3.9995E+0,-1.5016E-6,-3.5000E+0,21.5560E-3,-30.0321E-3,,3.5786E+6,,1.3392E-3,3.9995E+0,-1.1704E-6,-3.0000E+0,29.7587E+0,-23.4073E-3,,6.1223E+3,,8.3314E-3,3.9997E+0,-834.9252E-9,-2.5000E+0,185.1395E+0,-16.6985E-3,,2.2984E+3,,16.5726E-3,3.9996E+0,-524.6457E-9,-2.0000E+0,368.2762E+0,-10.4929E-3,,3.2915E+3,,24.5670E-3,3.9996E+0,-268.8739E-9,-1.5000E+0,545.9274E+0,-5.3775E-3,,9.8417E+3,,32.1112E-3,3.9996E+0,-226.9444E-9,-1.0000E+0,713.5753E+0,-4.5389E-3,,12.2795E+3,,39.0565E-3,3.9996E+0,-319.1890E-9,-500.0000E-3,867.9146E+0,-6.3838E-3,,16.5369E+3,,45.3010E-3,3.9996E+0,-252.1028E-9,000.0000E+0,1.0067E+3,-5.0421E-3,,5.8689E+3,,50.6786E-3,3.9996E+0,-138.8944E-9,500.0000E-3,1.1262E+3,-2.7779E-3,,1.6042E+3,,54.8630E-3,3.9996E+0,-130.5070E-9,1.0000E+0,1.2192E+3,-2.6101E-3,,459.2595E+0,,57.3852E-3,3.9996E+0,-314.9980E-9,1.5000E+0,1.2752E+3,-6.3000E-3,,251.9384E+0,,58.9020E-3,3.9996E+0,-390.4697E-9,2.0000E+0,1.3089E+3,-7.8094E-3,,211.8949E+0,,,,,,,,,,,,,,,,,,,,,,,,,,,,,,,,,,,,,,,,,,,,,,,,,,,,,,,,,,,,,,,,,,,,,,,,,,,,,,,,,,,,,,,,,,,,,,,,,,,,,,,,,,,,,,,,,,,,,,,,,,
1.3364E-6,4.0996E+0,-3.6316E-6,-5.0000E+0,29.6972E-3,-72.6326E-3,,4.3840E+6,,1.1781E-6,4.0996E+0,-2.9482E-6,-4.5000E+0,26.1798E-3,-58.9636E-3,,4.2850E+6,,1.0212E-6,4.0996E+0,-2.1096E-6,-4.0000E+0,22.6926E-3,-42.1917E-3,,5.4787E+6,,979.1684E-9,4.0996E+0,-1.5687E-6,-3.5000E+0,21.7591E-3,-31.3739E-3,,10.9555E+6,,1.3587E-3,4.0997E+0,-1.1871E-6,-3.0000E+0,30.1926E+0,-23.7427E-3,,5.1283E+3,,8.3717E-3,4.0998E+0,-868.4692E-9,-2.5000E+0,186.0353E+0,-17.3694E-3,,2.4840E+3,,16.6118E-3,4.0997E+0,-482.7161E-9,-2.0000E+0,369.1465E+0,-9.6543E-3,,2.5567E+3,,24.5825E-3,4.0997E+0,-310.8053E-9,-1.5000E+0,546.2719E+0,-6.2161E-3,,6.4592E+3,,32.1169E-3,4.0997E+0,-201.7878E-9,-1.0000E+0,713.7018E+0,-4.0358E-3,,17.5912E+3,,39.0620E-3,4.0997E+0,-314.9980E-9,-500.0000E-3,868.0348E+0,-6.3000E-3,,18.5115E+3,,45.3168E-3,4.0998E+0,-256.2956E-9,000.0000E+0,1.0070E+3,-5.1259E-3,,6.3427E+3,,50.7280E-3,4.0998E+0,-151.4727E-9,500.0000E-3,1.1273E+3,-3.0295E-3,,2.0268E+3,,55.0406E-3,4.0998E+0,-138.8944E-9,1.0000E+0,1.2231E+3,-2.7779E-3,,563.8517E+0,,57.7445E-3,4.0998E+0,-294.0324E-9,1.5000E+0,1.2832E+3,-5.8806E-3,,278.6850E+0,,59.3449E-3,4.0998E+0,-407.2426E-9,2.0000E+0,1.3188E+3,-8.1449E-3,,226.0636E+0,,,,,,,,,,,,,,,,,,,,,,,,,,,,,,,,,,,,,,,,,,,,,,,,,,,,,,,,,,,,,,,,,,,,,,,,,,,,,,,,,,,,,,,,,,,,,,,,,,,,,,,,,,,,,,,,,,,,,,,,,,
1.3593E-6,4.1995E+0,-3.6861E-6,-5.0000E+0,30.2066E-3,-73.7228E-3,,4.3547E+6,,1.1994E-6,4.1995E+0,-2.9775E-6,-4.5000E+0,26.6524E-3,-59.5506E-3,,4.6942E+6,,1.0454E-6,4.1995E+0,-2.0509E-6,-4.0000E+0,23.2312E-3,-41.0177E-3,,4.1193E+6,,993.0932E-9,4.1995E+0,-1.5477E-6,-3.5000E+0,22.0685E-3,-30.9546E-3,,7.1696E+6,,1.3788E-3,4.1995E+0,-1.2374E-6,-3.0000E+0,30.6389E+0,-24.7490E-3,,4.9709E+3,,8.4261E-3,4.1996E+0,-864.2746E-9,-2.5000E+0,187.2454E+0,-17.2855E-3,,1.8332E+3,,16.6510E-3,4.1995E+0,-507.8746E-9,-2.0000E+0,370.0176E+0,-10.1575E-3,,2.5465E+3,,24.5921E-3,4.1995E+0,-327.5763E-9,-1.5000E+0,546.4846E+0,-6.5515E-3,,10.4284E+3,,32.1217E-3,4.1995E+0,-222.7516E-9,-1.0000E+0,713.8084E+0,-4.4550E-3,,20.8042E+3,,39.0651E-3,4.1996E+0,-302.4197E-9,-500.0000E-3,868.1052E+0,-6.0484E-3,,31.4889E+3,,45.3292E-3,4.1996E+0,-273.0685E-9,000.0000E+0,1.0073E+3,-5.4614E-3,,8.0397E+3,,50.7645E-3,4.1996E+0,-185.0149E-9,500.0000E-3,1.1281E+3,-3.7003E-3,,2.7307E+3,,55.1810E-3,4.1996E+0,-189.2095E-9,1.0000E+0,1.2262E+3,-3.7842E-3,,710.8210E+0,,58.0624E-3,4.1996E+0,-331.7691E-9,1.5000E+0,1.2903E+3,-6.6354E-3,,313.9314E+0,,59.7531E-3,4.1996E+0,-394.6643E-9,2.0000E+0,1.3278E+3,-7.8933E-3,,244.5862E+0,,,,,,,,,,,,,,,,,,,,,,,,,,,,,,,,,,,,,,,,,,,,,,,,,,,,,,,,,,,,,,,,,,,,,,,,,,,,,,,,,,,,,,,,,,,,,,,,,,,,,,,,,,,,,,,,,,,,,,,,,,
1.3846E-6,4.2996E+0,-3.7239E-6,-5.0000E+0,30.7684E-3,-74.4776E-3,,3.9627E+6,,1.2274E-6,4.2996E+0,-2.9524E-6,-4.5000E+0,27.2746E-3,-59.0475E-3,,3.5782E+6,,1.0681E-6,4.2996E+0,-2.1347E-6,-4.0000E+0,23.7364E-3,-42.6949E-3,,4.4068E+6,,1.0107E-6,4.2996E+0,-1.6358E-6,-3.5000E+0,22.4593E-3,-32.7157E-3,,5.6959E+6,,1.3913E-3,4.2997E+0,-1.2291E-6,-3.0000E+0,30.9172E+0,-24.5813E-3,,7.9995E+3,,8.4776E-3,4.2998E+0,-889.4349E-9,-2.5000E+0,188.3899E+0,-17.7887E-3,,1.9454E+3,,16.6978E-3,4.2997E+0,-512.0673E-9,-2.0000E+0,371.0585E+0,-10.2413E-3,,2.1390E+3,,24.6116E-3,4.2997E+0,-348.5402E-9,-1.5000E+0,546.9196E+0,-6.9708E-3,,5.1189E+3,,32.1267E-3,4.2997E+0,-260.4902E-9,-1.0000E+0,713.9202E+0,-5.2098E-3,,19.9214E+3,,39.0670E-3,4.2997E+0,-256.2956E-9,-500.0000E-3,868.1474E+0,-5.1259E-3,,52.8386E+3,,45.3362E-3,4.2998E+0,-226.9444E-9,000.0000E+0,1.0075E+3,-4.5389E-3,,14.3584E+3,,50.7932E-3,4.2998E+0,-151.4727E-9,500.0000E-3,1.1287E+3,-3.0295E-3,,3.4942E+3,,55.2929E-3,4.2998E+0,-138.8944E-9,1.0000E+0,1.2287E+3,-2.7779E-3,,895.2458E+0,,58.3464E-3,4.2998E+0,-331.7691E-9,1.5000E+0,1.2966E+3,-6.6354E-3,,352.8304E+0,,60.1318E-3,4.2998E+0,-323.3836E-9,2.0000E+0,1.3362E+3,-6.4677E-3,,264.5303E+0,,,,,,,,,,,,,,,,,,,,,,,,,,,,,,,,,,,,,,,,,,,,,,,,,,,,,,,,,,,,,,,,,,,,,,,,,,,,,,,,,,,,,,,,,,,,,,,,,,,,,,,,,,,,,,,,,,,,,,,,,,
1.4064E-6,4.3998E+0,-3.7490E-6,-5.0000E+0,31.2536E-3,-74.9807E-3,,4.5896E+6,,1.2482E-6,4.3998E+0,-3.0111E-6,-4.5000E+0,27.7380E-3,-60.2215E-3,,4.8047E+6,,1.0951E-6,4.3998E+0,-2.1683E-6,-4.0000E+0,24.3354E-3,-43.3658E-3,,3.7169E+6,,1.0535E-6,4.3998E+0,-1.6190E-6,-3.5000E+0,23.4102E-3,-32.3802E-3,,2.3417E+6,,1.4148E-3,4.3999E+0,-1.2668E-6,-3.0000E+0,31.4406E+0,-25.3360E-3,,4.2538E+3,,8.5277E-3,4.4000E+0,-914.5915E-9,-2.5000E+0,189.5023E+0,-18.2918E-3,,2.0015E+3,,16.7424E-3,4.3999E+0,-549.8023E-9,-2.0000E+0,372.0495E+0,-10.9960E-3,,2.2466E+3,,24.6322E-3,4.3999E+0,-373.6986E-9,-1.5000E+0,547.3759E+0,-7.4740E-3,,4.8795E+3,,32.1293E-3,4.3999E+0,-306.6107E-9,-1.0000E+0,713.9779E+0,-6.1322E-3,,38.5308E+3,,39.0707E-3,4.3999E+0,-331.7691E-9,-500.0000E-3,868.2300E+0,-6.6354E-3,,26.9505E+3,,45.3418E-3,4.3999E+0,-298.2251E-9,000.0000E+0,1.0076E+3,-5.9645E-3,,17.8700E+3,,50.8155E-3,4.4000E+0,-243.7173E-9,500.0000E-3,1.1292E+3,-4.8743E-3,,4.4877E+3,,55.3799E-3,4.4000E+0,-130.5070E-9,1.0000E+0,1.2307E+3,-2.6101E-3,,1.1516E+3,,58.5916E-3,4.4000E+0,-294.0324E-9,1.5000E+0,1.3020E+3,-5.8806E-3,,408.5348E+0,,60.4828E-3,4.4000E+0,-327.5763E-9,2.0000E+0,1.3440E+3,-6.5515E-3,,285.4628E+0,,,,,,,,,,,,,,,,,,,,,,,,,,,,,,,,,,,,,,,,,,,,,,,,,,,,,,,,,,,,,,,,,,,,,,,,,,,,,,,,,,,,,,,,,,,,,,,,,,,,,,,,,,,,,,,,,,,,,,,,,,
1.4329E-6,4.5000E+0,-3.7952E-6,-5.0000E+0,31.8418E-3,-75.9032E-3,,3.7848E+6,,1.2674E-6,4.5000E+0,-2.9733E-6,-4.5000E+0,28.1644E-3,-59.4668E-3,,5.2207E+6,,1.1141E-6,4.5000E+0,-2.1725E-6,-4.0000E+0,24.7580E-3,-43.4496E-3,,5.2673E+6,,1.0837E-6,4.5000E+0,-1.6106E-6,-3.5000E+0,24.0821E-3,-32.2125E-3,,3.3135E+6,,1.4308E-3,4.5001E+0,-1.3003E-6,-3.0000E+0,31.7955E+0,-26.0069E-3,,6.2731E+3,,8.5804E-3,4.5002E+0,-897.8204E-9,-2.5000E+0,190.6739E+0,-17.9564E-3,,1.9004E+3,,16.7868E-3,4.5001E+0,-537.2240E-9,-2.0000E+0,373.0365E+0,-10.7445E-3,,2.2560E+3,,24.6562E-3,4.5001E+0,-373.6986E-9,-1.5000E+0,547.9096E+0,-7.4740E-3,,4.1715E+3,,32.1346E-3,4.5001E+0,-256.2956E-9,-1.0000E+0,714.0940E+0,-5.1259E-3,,19.1821E+3,,39.0729E-3,4.5001E+0,-310.8053E-9,-500.0000E-3,868.2778E+0,-6.2161E-3,,46.6053E+3,,45.3443E-3,4.5001E+0,-247.9101E-9,000.0000E+0,1.0076E+3,-4.9582E-3,,39.5543E+3,,50.8344E-3,4.5002E+0,-159.8582E-9,500.0000E-3,1.1296E+3,-3.1972E-3,,5.3023E+3,,55.4454E-3,4.5002E+0,-126.3143E-9,1.0000E+0,1.2321E+3,-2.5263E-3,,1.5313E+3,,58.7993E-3,4.5002E+0,-314.9980E-9,1.5000E+0,1.3066E+3,-6.3000E-3,,482.4919E+0,,60.8037E-3,4.5002E+0,-394.6643E-9,2.0000E+0,1.3512E+3,-7.8933E-3,,312.2105E+0,,,,,,,,,,,,,,,,,,,,,,,,,,,,,,,,,,,,,,,,,,,,,,,,,,,,,,,,,,,,,,,,,,,,,,,,,,,,,,,,,,,,,,,,,,,,,,,,,,,,,,,,,,,,,,,,,,,,,,,,,,
1.4584E-6,4.5999E+0,-3.8035E-6,-5.0000E+0,32.4089E-3,-76.0709E-3,,3.9122E+6,,1.2957E-6,4.5999E+0,-3.0027E-6,-4.5000E+0,28.7921E-3,-60.0538E-3,,3.5347E+6,,1.1421E-6,4.5999E+0,-2.2605E-6,-4.0000E+0,25.3797E-3,-45.2107E-3,,3.5692E+6,,1.0863E-6,4.5999E+0,-1.5980E-6,-3.5000E+0,24.1398E-3,-31.9609E-3,,38.4389E+6,,1.4565E-3,4.5999E+0,-1.3255E-6,-3.0000E+0,32.3656E+0,-26.5101E-3,,3.8913E+3,,8.6395E-3,4.6000E+0,-931.3626E-9,-2.5000E+0,191.9869E+0,-18.6273E-3,,1.6897E+3,,16.8285E-3,4.5999E+0,-595.9264E-9,-2.0000E+0,373.9627E+0,-11.9185E-3,,2.3953E+3,,24.6861E-3,4.5999E+0,-377.8914E-9,-1.5000E+0,548.5741E+0,-7.5578E-3,,3.3387E+3,,32.1380E-3,4.6000E+0,-235.3318E-9,-1.0000E+0,714.1701E+0,-4.7066E-3,,29.1649E+3,,39.0706E-3,4.6000E+0,-268.8739E-9,-500.0000E-3,868.2270E+0,-5.3775E-3,,-43.7221E+3,,45.3460E-3,4.6000E+0,-294.0324E-9,000.0000E+0,1.0077E+3,-5.8806E-3,,58.8991E+3,,50.8467E-3,4.6000E+0,-197.5932E-9,500.0000E-3,1.1299E+3,-3.9519E-3,,8.1313E+3,,55.4981E-3,4.6000E+0,-138.8944E-9,1.0000E+0,1.2333E+3,-2.7779E-3,,1.8951E+3,,58.9770E-3,4.6000E+0,-361.1203E-9,1.5000E+0,1.3106E+3,-7.2224E-3,,561.7319E+0,,61.0952E-3,4.6000E+0,-407.2426E-9,2.0000E+0,1.3577E+3,-8.1449E-3,,342.4718E+0,,,,,,,,,,,,,,,,,,,,,,,,,,,,,,,,,,,,,,,,,,,,,,,,,,,,,,,,,,,,,,,,,,,,,,,,,,,,,,,,,,,,,,,,,,,,,,,,,,,,,,,,,,,,,,,,,,,,,,,,,,
1.4824E-6,4.7000E+0,-3.8245E-6,-5.0000E+0,32.9421E-3,-76.4902E-3,,4.1743E+6,,1.3176E-6,4.7000E+0,-3.0740E-6,-4.5000E+0,29.2804E-3,-61.4794E-3,,4.5583E+6,,1.1643E-6,4.7000E+0,-2.2270E-6,-4.0000E+0,25.8734E-3,-44.5398E-3,,4.5078E+6,,1.1060E-6,4.7000E+0,-1.6442E-6,-3.5000E+0,24.5774E-3,-32.8833E-3,,5.0855E+6,,1.4777E-3,4.7001E+0,-1.3465E-6,-3.0000E+0,32.8378E+0,-26.9293E-3,,4.7139E+3,,8.7012E-3,4.7002E+0,-956.5210E-9,-2.5000E+0,193.3576E+0,-19.1304E-3,,1.6238E+3,,16.8656E-3,4.7001E+0,-574.9625E-9,-2.0000E+0,374.7877E+0,-11.4993E-3,,2.6977E+3,,24.7157E-3,4.7001E+0,-432.4011E-9,-1.5000E+0,549.2316E+0,-8.6480E-3,,3.3854E+3,,32.1444E-3,4.7001E+0,-314.9980E-9,-1.0000E+0,714.3127E+0,-6.3000E-3,,15.6037E+3,,39.0680E-3,4.7001E+0,-319.1890E-9,-500.0000E-3,868.1687E+0,-6.3838E-3,,-38.1907E+3,,45.3460E-3,4.7001E+0,-247.9101E-9,000.0000E+0,1.0077E+3,-4.9582E-3,,-1.3443E+6,,50.8555E-3,4.7001E+0,-193.4022E-9,500.0000E-3,1.1301E+3,-3.8680E-3,,11.3827E+3,,55.5385E-3,4.7002E+0,-185.0149E-9,1.0000E+0,1.2342E+3,-3.7003E-3,,2.4773E+3,,59.1213E-3,4.7002E+0,-361.1203E-9,1.5000E+0,1.3138E+3,-7.2224E-3,,694.2108E+0,,61.3595E-3,4.7002E+0,-331.7691E-9,2.0000E+0,1.3635E+3,-6.6354E-3,,379.0480E+0,,,,,,,,,,,,,,,,,,,,,,,,,,,,,,,,,,,,,,,,,,,,,,,,,,,,,,,,,,,,,,,,,,,,,,,,,,,,,,,,,,,,,,,,,,,,,,,,,,,,,,,,,,,,,,,,,,,,,,,,,,
1.5044E-6,4.8001E+0,-3.8119E-6,-5.0000E+0,33.4316E-3,-76.2386E-3,,4.5446E+6,,1.3461E-6,4.8001E+0,-3.0824E-6,-4.5000E+0,29.9135E-3,-61.6471E-3,,3.5134E+6,,1.1875E-6,4.8001E+0,-2.3025E-6,-4.0000E+0,26.3892E-3,-46.0492E-3,,4.3126E+6,,1.1342E-6,4.8001E+0,-1.6903E-6,-3.5000E+0,25.2038E-3,-33.8058E-3,,3.5512E+6,,1.5023E-3,4.8002E+0,-1.3632E-6,-3.0000E+0,33.3840E+0,-27.2648E-3,,4.0724E+3,,8.7679E-3,4.8003E+0,-998.4524E-9,-2.5000E+0,194.8413E+0,-19.9690E-3,,1.4992E+3,,16.9072E-3,4.8002E+0,-574.9625E-9,-2.0000E+0,375.7116E+0,-11.4993E-3,,2.4076E+3,,24.7441E-3,4.8002E+0,-478.5234E-9,-1.5000E+0,549.8644E+0,-9.5705E-3,,3.5147E+3,,32.1525E-3,4.8002E+0,-256.2956E-9,-1.0000E+0,714.4935E+0,-5.1259E-3,,12.3034E+3,,39.0646E-3,4.8002E+0,-298.2251E-9,-500.0000E-3,868.0938E+0,-5.9645E-3,,-29.6910E+3,,45.3428E-3,4.8002E+0,-285.6468E-9,000.0000E+0,1.0076E+3,-5.7129E-3,,-31.7262E+3,,50.8610E-3,4.8002E+0,-172.4366E-9,500.0000E-3,1.1302E+3,-3.4487E-3,,18.3898E+3,,55.5682E-3,4.8003E+0,-172.4366E-9,1.0000E+0,1.2348E+3,-3.4487E-3,,3.3727E+3,,59.2426E-3,4.8003E+0,-369.5059E-9,1.5000E+0,1.3165E+3,-7.3901E-3,,825.3944E+0,,61.5948E-3,4.8003E+0,-302.4197E-9,2.0000E+0,1.3688E+3,-6.0484E-3,,425.3193E+0,,,,,,,,,,,,,,,,,,,,,,,,,,,,,,,,,,,,,,,,,,,,,,,,,,,,,,,,,,,,,,,,,,,,,,,,,,,,,,,,,,,,,,,,,,,,,,,,,,,,,,,,,,,,,,,,,,,,,,,,,,
1.5274E-6,4.9000E+0,-3.8622E-6,-5.0000E+0,33.9417E-3,-77.2449E-3,,4.3499E+6,,1.3733E-6,4.9000E+0,-3.0907E-6,-4.5000E+0,30.5182E-3,-61.8148E-3,,3.6690E+6,,1.2103E-6,4.9000E+0,-2.2899E-6,-4.0000E+0,26.8956E-3,-45.7977E-3,,4.3810E+6,,1.1669E-6,4.9000E+0,-1.7196E-6,-3.5000E+0,25.9303E-3,-34.3928E-3,,3.0538E+6,,1.5285E-3,4.9000E+0,-1.4052E-6,-3.0000E+0,33.9665E+0,-28.1034E-3,,3.8092E+3,,8.8383E-3,4.9001E+0,-969.1012E-9,-2.5000E+0,196.4044E+0,-19.3820E-3,,1.4196E+3,,16.9468E-3,4.9000E+0,-591.7318E-9,-2.0000E+0,376.5925E+0,-11.8346E-3,,2.5185E+3,,24.7682E-3,4.9000E+0,-461.7523E-9,-1.5000E+0,550.3999E+0,-9.2350E-3,,4.1438E+3,,32.1670E-3,4.9000E+0,-306.6107E-9,-1.0000E+0,714.8145E+0,-6.1322E-3,,6.9127E+3,,39.0640E-3,4.9001E+0,-319.1890E-9,-500.0000E-3,868.0792E+0,-6.3838E-3,,-151.4204E+3,,45.3408E-3,4.9001E+0,-264.6811E-9,000.0000E+0,1.0076E+3,-5.2936E-3,,-49.4439E+3,,50.8639E-3,4.9001E+0,-201.7878E-9,500.0000E-3,1.1303E+3,-4.0358E-3,,33.7139E+3,,55.5937E-3,4.9001E+0,-109.5432E-9,1.0000E+0,1.2354E+3,-2.1909E-3,,3.9039E+3,,59.3382E-3,4.9001E+0,-302.4197E-9,1.5000E+0,1.3186E+3,-6.0484E-3,,1.0442E+3,,61.8046E-3,4.9001E+0,-327.5763E-9,2.0000E+0,1.3734E+3,-6.5515E-3,,475.9644E+0,,,,,,,,,,,,,,,,,,,,,,,,,,,,,,,,,,,,,,,,,,,,,,,,,,,,,,,,,,,,,,,,,,,,,,,,,,,,,,,,,,,,,,,,,,,,,,,,,,,,,,,,,,,,,,,,,,,,,,,,,,
1.5540E-6,5.0001E+0,-3.8916E-6,-5.0000E+0,34.5329E-3,-77.8319E-3,,3.7652E+6,,1.3965E-6,5.0002E+0,-3.0991E-6,-4.5000E+0,31.0326E-3,-61.9825E-3,,4.3286E+6,,1.2389E-6,5.0001E+0,-2.3402E-6,-4.0000E+0,27.5314E-3,-46.8040E-3,,3.5017E+6,,1.1945E-6,5.0001E+0,-1.7029E-6,-3.5000E+0,26.5434E-3,-34.0574E-3,,3.6311E+6,,1.5595E-3,5.0002E+0,-1.4219E-6,-3.0000E+0,34.6557E+0,-28.4388E-3,,3.2301E+3,,8.9138E-3,5.0003E+0,-1.0362E-6,-2.5000E+0,198.0818E+0,-20.7237E-3,,1.3271E+3,,16.9878E-3,5.0002E+0,-612.6975E-9,-2.0000E+0,377.5037E+0,-12.2539E-3,,2.4433E+3,,24.7909E-3,5.0002E+0,-419.8209E-9,-1.5000E+0,550.9035E+0,-8.3964E-3,,4.4202E+3,,32.1841E-3,5.0002E+0,-348.5402E-9,-1.0000E+0,715.1953E+0,-6.9708E-3,,5.8462E+3,,39.0593E-3,5.0002E+0,-264.6811E-9,-500.0000E-3,867.9767E+0,-5.2936E-3,,-21.7208E+3,,45.3354E-3,5.0003E+0,-260.4902E-9,000.0000E+0,1.0074E+3,-5.2098E-3,,-18.4965E+3,,50.8645E-3,5.0003E+0,-176.6293E-9,500.0000E-3,1.1303E+3,-3.5326E-3,,169.1355E+3,,55.6099E-3,5.0003E+0,-151.4727E-9,1.0000E+0,1.2358E+3,-3.0295E-3,,6.1881E+3,,59.4139E-3,5.0003E+0,-398.8571E-9,1.5000E+0,1.3203E+3,-7.9771E-3,,1.3227E+3,,61.9892E-3,5.0003E+0,-344.3492E-9,2.0000E+0,1.3775E+3,-6.8870E-3,,542.4882E+0,,,,,,,,,,,,,,,,,,,,,,,,,,,,,,,,,,,,,,,,,,,,,,,,,,,,,,,,,,,,,,,,,,,,,,,,,,,,,,,,,,,,,,,,,,,,,,,,,,,,,,,,,,,,,,,,,,,,,,,,,,
1.5763E-6,5.1003E+0,-3.9168E-6,-5.0000E+0,35.0296E-3,-78.3351E-3,,4.4819E+6,,1.4162E-6,5.1003E+0,-3.0991E-6,-4.5000E+0,31.4716E-3,-61.9825E-3,,5.0703E+6,,1.2683E-6,5.1003E+0,-2.4073E-6,-4.0000E+0,28.1834E-3,-48.1457E-3,,3.4149E+6,,1.2100E-6,5.1003E+0,-1.7280E-6,-3.5000E+0,26.8896E-3,-34.5605E-3,,6.4312E+6,,1.5902E-3,5.1004E+0,-1.4303E-6,-3.0000E+0,35.3383E+0,-28.6065E-3,,3.2618E+3,,8.9828E-3,5.1005E+0,-1.0991E-6,-2.5000E+0,199.6154E+0,-21.9817E-3,,1.4517E+3,,17.0312E-3,5.1004E+0,-667.2071E-9,-2.0000E+0,378.4670E+0,-13.3441E-3,,2.3110E+3,,24.8124E-3,5.1004E+0,-486.9089E-9,-1.5000E+0,551.3817E+0,-9.7382E-3,,4.6553E+3,,32.2010E-3,5.1004E+0,-294.0324E-9,-1.0000E+0,715.5696E+0,-5.8806E-3,,5.9468E+3,,39.0563E-3,5.1004E+0,-294.0324E-9,-500.0000E-3,867.9087E+0,-5.8806E-3,,-32.7580E+3,,45.3303E-3,5.1004E+0,-281.4540E-9,000.0000E+0,1.0073E+3,-5.6291E-3,,-19.6298E+3,,50.8623E-3,5.1005E+0,-210.1733E-9,500.0000E-3,1.1303E+3,-4.2035E-3,,-45.5071E+3,,55.6242E-3,5.1005E+0,-159.8582E-9,1.0000E+0,1.2361E+3,-3.1972E-3,,7.0269E+3,,59.4737E-3,5.1005E+0,-361.1203E-9,1.5000E+0,1.3216E+3,-7.2224E-3,,1.6764E+3,,62.1488E-3,5.1005E+0,-314.9980E-9,2.0000E+0,1.3811E+3,-6.3000E-3,,627.9870E+0,,,,,,,,,,,,,,,,,,,,,,,,,,,,,,,,,,,,,,,,,,,,,,,,,,,,,,,,,,,,,,,,,,,,,,,,,,,,,,,,,,,,,,,,,,,,,,,,,,,,,,,,,,,,,,,,,,,,,,,,,,
1.6039E-6,5.2005E+0,-3.9419E-6,-5.0000E+0,35.6415E-3,-78.8383E-3,,3.6384E+6,,1.4449E-6,5.2005E+0,-3.1788E-6,-4.5000E+0,32.1090E-3,-63.5759E-3,,3.4927E+6,,1.2976E-6,5.2005E+0,-2.4283E-6,-4.0000E+0,28.8353E-3,-48.5651E-3,,3.4148E+6,,1.2353E-6,5.2005E+0,-1.7029E-6,-3.5000E+0,27.4502E-3,-34.0574E-3,,3.9711E+6,,1.6186E-3,5.2005E+0,-1.4932E-6,-3.0000E+0,35.9683E+0,-29.8644E-3,,3.5335E+3,,9.0706E-3,5.2005E+0,-1.0907E-6,-2.5000E+0,201.5671E+0,-21.8139E-3,,1.1392E+3,,17.0747E-3,5.2006E+0,-692.3638E-9,-2.0000E+0,379.4337E+0,-13.8473E-3,,2.3030E+3,,24.8347E-3,5.2006E+0,-482.7161E-9,-1.5000E+0,551.8764E+0,-9.6543E-3,,4.5007E+3,,32.2192E-3,5.2006E+0,-302.4197E-9,-1.0000E+0,715.9762E+0,-6.0484E-3,,5.4762E+3,,39.0553E-3,5.2006E+0,-285.6468E-9,-500.0000E-3,867.8876E+0,-5.7129E-3,,-105.4569E+3,,45.3230E-3,5.2006E+0,-277.2595E-9,000.0000E+0,1.0072E+3,-5.5452E-3,,-13.8547E+3,,50.8610E-3,5.2006E+0,-285.6468E-9,500.0000E-3,1.1302E+3,-5.7129E-3,,-77.7204E+3,,55.6327E-3,5.2006E+0,-147.2781E-9,1.0000E+0,1.2363E+3,-2.9456E-3,,11.7948E+3,,59.5213E-3,5.2007E+0,-277.2595E-9,1.5000E+0,1.3227E+3,-5.5452E-3,,2.1022E+3,,62.2846E-3,5.2007E+0,-340.1565E-9,2.0000E+0,1.3841E+3,-6.8031E-3,,737.7126E+0,,,,,,,,,,,,,,,,,,,,,,,,,,,,,,,,,,,,,,,,,,,,,,,,,,,,,,,,,,,,,,,,,,,,,,,,,,,,,,,,,,,,,,,,,,,,,,,,,,,,,,,,,,,,,,,,,,,,,,,,,,
1.6210E-6,5.3003E+0,-3.9755E-6,-5.0000E+0,36.0208E-3,-79.5091E-3,,5.8487E+6,,1.4672E-6,5.3003E+0,-3.1788E-6,-4.5000E+0,32.6034E-3,-63.5759E-3,,4.4873E+6,,1.3102E-6,5.3003E+0,-2.4366E-6,-4.0000E+0,29.1146E-3,-48.7328E-3,,7.9422E+6,,1.2641E-6,5.3004E+0,-1.7448E-6,-3.5000E+0,28.0916E-3,-34.8960E-3,,3.4595E+6,,1.6511E-3,5.3004E+0,-1.5016E-6,-3.0000E+0,36.6912E+0,-30.0321E-3,,3.0686E+3,,9.1412E-3,5.3004E+0,-1.0530E-6,-2.5000E+0,203.1347E+0,-21.0592E-3,,1.4152E+3,,17.1181E-3,5.3004E+0,-642.0487E-9,-2.0000E+0,380.3985E+0,-12.8410E-3,,2.2991E+3,,24.8555E-3,5.3004E+0,-574.9625E-9,-1.5000E+0,552.3400E+0,-11.4993E-3,,4.7852E+3,,32.2351E-3,5.3004E+0,-335.9619E-9,-1.0000E+0,716.3290E+0,-6.7192E-3,,6.2873E+3,,39.0564E-3,5.3004E+0,-264.6811E-9,-500.0000E-3,867.9109E+0,-5.2936E-3,,95.3614E+3,,45.3148E-3,5.3005E+0,-319.1890E-9,000.0000E+0,1.0070E+3,-6.3838E-3,,-12.0925E+3,,50.8548E-3,5.3005E+0,-256.2956E-9,500.0000E-3,1.1301E+3,-5.1259E-3,,-16.0468E+3,,55.6373E-3,5.3005E+0,-147.2781E-9,1.0000E+0,1.2364E+3,-2.9456E-3,,21.3864E+3,,59.5587E-3,5.3005E+0,-294.0324E-9,1.5000E+0,1.3235E+3,-5.8806E-3,,2.6753E+3,,62.3978E-3,5.3005E+0,-386.2770E-9,2.0000E+0,1.3866E+3,-7.7255E-3,,881.5200E+0,,,,,,,,,,,,,,,,,,,,,,,,,,,,,,,,,,,,,,,,,,,,,,,,,,,,,,,,,,,,,,,,,,,,,,,,,,,,,,,,,,,,,,,,,,,,,,,,,,,,,,,,,,,,,,,,,,,,,,,,,,
1.6513E-6,5.4005E+0,-3.9838E-6,-5.0000E+0,36.6958E-3,-79.6768E-3,,3.2984E+6,,1.4954E-6,5.4005E+0,-3.2081E-6,-4.5000E+0,33.2311E-3,-64.1629E-3,,3.5469E+6,,1.3358E-6,5.4005E+0,-2.3779E-6,-4.0000E+0,29.6836E-3,-47.5587E-3,,3.9129E+6,,1.3091E-6,5.4005E+0,-1.7700E-6,-3.5000E+0,29.0919E-3,-35.3991E-3,,2.2247E+6,,1.6867E-3,5.4006E+0,-1.5184E-6,-3.0000E+0,37.4825E+0,-30.3676E-3,,2.8134E+3,,9.2058E-3,5.4006E+0,-1.0194E-6,-2.5000E+0,204.5715E+0,-20.3883E-3,,1.5493E+3,,17.1616E-3,5.4006E+0,-646.2415E-9,-2.0000E+0,381.3657E+0,-12.9248E-3,,2.3019E+3,,24.8774E-3,5.4006E+0,-524.6457E-9,-1.5000E+0,552.8249E+0,-10.4929E-3,,4.5906E+3,,32.2469E-3,5.4006E+0,-377.8914E-9,-1.0000E+0,716.5899E+0,-7.5578E-3,,8.5325E+3,,39.0576E-3,5.4006E+0,-273.0685E-9,-500.0000E-3,867.9377E+0,-5.4614E-3,,83.0029E+3,,45.3078E-3,5.4006E+0,-277.2595E-9,000.0000E+0,1.0068E+3,-5.5452E-3,,-14.3662E+3,,50.8485E-3,5.4007E+0,-143.0853E-9,500.0000E-3,1.1300E+3,-2.8617E-3,,-15.8852E+3,,55.6407E-3,5.4007E+0,-189.2095E-9,1.0000E+0,1.2364E+3,-3.7842E-3,,29.9474E+3,,59.5899E-3,5.4007E+0,-335.9619E-9,1.5000E+0,1.3242E+3,-6.7192E-3,,3.2061E+3,,62.4927E-3,5.4007E+0,-361.1203E-9,2.0000E+0,1.3887E+3,-7.2224E-3,,1.0560E+3,,,,,,,,,,,,,,,,,,,,,,,,,,,,,,,,,,,,,,,,,,,,,,,,,,,,,,,,,,,,,,,,,,,,,,,,,,,,,,,,,,,,,,,,,,,,,,,,,,,,,,,,,,,,,,,,,,,,,,,,,,
1.6676E-6,5.5006E+0,-3.9084E-6,-5.0000E+0,37.0563E-3,-78.1674E-3,,6.1677E+6,,1.5177E-6,5.5006E+0,-3.1578E-6,-4.5000E+0,33.7261E-3,-63.1565E-3,,4.4914E+6,,1.3615E-6,5.5006E+0,-2.4199E-6,-4.0000E+0,30.2542E-3,-48.3973E-3,,3.8968E+6,,1.3365E-6,5.5006E+0,-1.8496E-6,-3.5000E+0,29.7007E-3,-36.9925E-3,,3.6529E+6,,1.7235E-3,5.5006E+0,-1.5645E-6,-3.0000E+0,38.3000E+0,-31.2900E-3,,2.7202E+3,,9.2738E-3,5.5006E+0,-1.0823E-6,-2.5000E+0,206.0834E+0,-21.6462E-3,,1.4707E+3,,17.2057E-3,5.5006E+0,-704.9439E-9,-2.0000E+0,382.3461E+0,-14.0989E-3,,2.2679E+3,,24.9015E-3,5.5006E+0,-457.5577E-9,-1.5000E+0,553.3609E+0,-9.1512E-3,,4.1481E+3,,32.2577E-3,5.5007E+0,-382.0860E-9,-1.0000E+0,716.8316E+0,-7.6417E-3,,9.2006E+3,,39.0650E-3,5.5007E+0,-231.1390E-9,-500.0000E-3,868.1033E+0,-4.6228E-3,,13.4230E+3,,45.2993E-3,5.5007E+0,-331.7691E-9,000.0000E+0,1.0066E+3,-6.6354E-3,,-11.7589E+3,,50.8422E-3,5.5007E+0,-180.8239E-9,500.0000E-3,1.1298E+3,-3.6165E-3,,-15.7897E+3,,55.6415E-3,5.5007E+0,-151.4727E-9,1.0000E+0,1.2365E+3,-3.0295E-3,,117.2843E+3,,59.6119E-3,5.5007E+0,-361.1203E-9,1.5000E+0,1.3247E+3,-7.2224E-3,,4.5502E+3,,62.5725E-3,5.5007E+0,-373.6986E-9,2.0000E+0,1.3905E+3,-7.4740E-3,,1.2537E+3,,,,,,,,,,,,,,,,,,,,,,,,,,,,,,,,,,,,,,,,,,,,,,,,,,,,,,,,,,,,,,,,,,,,,,,,,,,,,,,,,,,,,,,,,,,,,,,,,,,,,,,,,,,,,,,,,,,,,,,,,,
1.6846E-6,5.6003E+0,-3.9838E-6,-5.0000E+0,37.4351E-3,-79.6768E-3,,5.8486E+6,,1.5459E-6,5.6003E+0,-3.2417E-6,-4.5000E+0,34.3522E-3,-64.8337E-3,,3.5384E+6,,1.3826E-6,5.6003E+0,-2.4995E-6,-4.0000E+0,30.7242E-3,-49.9906E-3,,4.7141E+6,,1.3577E-6,5.6003E+0,-1.8874E-6,-3.5000E+0,30.1710E-3,-37.7472E-3,,4.7113E+6,,1.7579E-3,5.6003E+0,-1.5561E-6,-3.0000E+0,39.0639E+0,-31.1223E-3,,2.9000E+3,,9.3383E-3,5.6003E+0,-1.1075E-6,-2.5000E+0,207.5146E+0,-22.1494E-3,,1.5481E+3,,17.2478E-3,5.6003E+0,-683.9800E-9,-2.0000E+0,383.2802E+0,-13.6796E-3,,2.3719E+3,,24.9274E-3,5.6003E+0,-533.0330E-9,-1.5000E+0,553.9375E+0,-10.6607E-3,,3.8428E+3,,32.2672E-3,5.6004E+0,-386.2770E-9,-1.0000E+0,717.0419E+0,-7.7255E-3,,10.5330E+3,,39.0735E-3,5.6004E+0,-335.9619E-9,-500.0000E-3,868.2921E+0,-6.7192E-3,,11.7382E+3,,45.2898E-3,5.6004E+0,-285.6468E-9,000.0000E+0,1.0064E+3,-5.7129E-3,,-10.5119E+3,,50.8327E-3,5.6004E+0,-189.2095E-9,500.0000E-3,1.1296E+3,-3.7842E-3,,-10.5895E+3,,55.6386E-3,5.6004E+0,-205.9805E-9,1.0000E+0,1.2364E+3,-4.1196E-3,,-33.7479E+3,,59.6266E-3,5.6004E+0,-361.1203E-9,1.5000E+0,1.3250E+3,-7.2224E-3,,6.7774E+3,,62.6356E-3,5.6004E+0,-386.2770E-9,2.0000E+0,1.3919E+3,-7.7255E-3,,1.5796E+3,,,,,,,,,,,,,,,,,,,,,,,,,,,,,,,,,,,,,,,,,,,,,,,,,,,,,,,,,,,,,,,,,,,,,,,,,,,,,,,,,,,,,,,,,,,,,,,,,,,,,,,,,,,,,,,,,,,,,,,,,,
1.7067E-6,5.7003E+0,-4.0258E-6,-5.0000E+0,37.9274E-3,-80.5154E-3,,4.5157E+6,,1.5716E-6,5.7003E+0,-3.2249E-6,-4.5000E+0,34.9239E-3,-64.4983E-3,,3.8889E+6,,1.4030E-6,5.7003E+0,-2.5373E-6,-4.0000E+0,31.1764E-3,-50.7454E-3,,4.9158E+6,,1.3743E-6,5.7003E+0,-1.8664E-6,-3.5000E+0,30.5397E-3,-37.3279E-3,,6.0298E+6,,1.7937E-3,5.7004E+0,-1.5184E-6,-3.0000E+0,39.8587E+0,-30.3676E-3,,2.7971E+3,,9.3996E-3,5.7004E+0,-1.0907E-6,-2.5000E+0,208.8770E+0,-21.8139E-3,,1.6317E+3,,17.2917E-3,5.7004E+0,-679.7854E-9,-2.0000E+0,384.2560E+0,-13.5957E-3,,2.2781E+3,,24.9540E-3,5.7004E+0,-549.8023E-9,-1.5000E+0,554.5268E+0,-10.9960E-3,,3.7723E+3,,32.2769E-3,5.7004E+0,-394.6643E-9,-1.0000E+0,717.2575E+0,-7.8933E-3,,10.3121E+3,,39.0817E-3,5.7004E+0,-394.6643E-9,-500.0000E-3,868.4739E+0,-7.8933E-3,,12.2278E+3,,45.2798E-3,5.7004E+0,-281.4540E-9,000.0000E+0,1.0062E+3,-5.6291E-3,,-9.9825E+3,,50.8233E-3,5.7004E+0,-222.7516E-9,500.0000E-3,1.1294E+3,-4.4550E-3,,-10.5769E+3,,55.6355E-3,5.7005E+0,-210.1733E-9,1.0000E+0,1.2363E+3,-4.2035E-3,,-32.8320E+3,,59.6396E-3,5.7005E+0,-356.9276E-9,1.5000E+0,1.3253E+3,-7.1386E-3,,7.7270E+3,,62.6879E-3,5.7005E+0,-365.3131E-9,2.0000E+0,1.3931E+3,-7.3063E-3,,1.9132E+3,,,,,,,,,,,,,,,,,,,,,,,,,,,,,,,,,,,,,,,,,,,,,,,,,,,,,,,,,,,,,,,,,,,,,,,,,,,,,,,,,,,,,,,,,,,,,,,,,,,,,,,,,,,,,,,,,,,,,,,,,,
1.7275E-6,5.8004E+0,-4.0509E-6,-5.0000E+0,38.3896E-3,-81.0186E-3,,4.8107E+6,,1.5933E-6,5.8004E+0,-3.2668E-6,-4.5000E+0,35.4054E-3,-65.3369E-3,,4.6185E+6,,1.4341E-6,5.8004E+0,-2.5331E-6,-4.0000E+0,31.8694E-3,-50.6615E-3,,3.2084E+6,,1.3891E-6,5.8004E+0,-1.9125E-6,-3.5000E+0,30.8690E-3,-38.2503E-3,,6.7519E+6,,1.8398E-3,5.8004E+0,-1.5477E-6,-3.0000E+0,40.8834E+0,-30.9546E-3,,2.1699E+3,,9.4587E-3,5.8004E+0,-1.1662E-6,-2.5000E+0,210.1908E+0,-23.3234E-3,,1.6923E+3,,17.3318E-3,5.8004E+0,-751.0662E-9,-2.0000E+0,385.1465E+0,-15.0213E-3,,2.4969E+3,,24.9803E-3,5.8004E+0,-553.9969E-9,-1.5000E+0,555.1131E+0,-11.0799E-3,,3.7921E+3,,32.2855E-3,5.8005E+0,-424.0155E-9,-1.0000E+0,717.4491E+0,-8.4803E-3,,11.6026E+3,,39.0892E-3,5.8005E+0,-352.7348E-9,-500.0000E-3,868.6401E+0,-7.0547E-3,,13.3757E+3,,45.2703E-3,5.8005E+0,-247.9101E-9,000.0000E+0,1.0060E+3,-4.9582E-3,,-10.5913E+3,,50.8104E-3,5.8005E+0,-210.1733E-9,500.0000E-3,1.1291E+3,-4.2035E-3,,-7.7516E+3,,55.6291E-3,5.8005E+0,-231.1390E-9,1.0000E+0,1.2362E+3,-4.6228E-3,,-15.4971E+3,,59.6466E-3,5.8005E+0,-323.3836E-9,1.5000E+0,1.3255E+3,-6.4677E-3,,14.2346E+3,,62.7296E-3,5.8005E+0,-398.8571E-9,2.0000E+0,1.3940E+3,-7.9771E-3,,2.4010E+3,,,,,,,,,,,,,,,,,,,,,,,,,,,,,,,,,,,,,,,,,,,,,,,,,,,,,,,,,,,,,,,,,,,,,,,,,,,,,,,,,,,,,,,,,,,,,,,,,,,,,,,,,,,,,,,,,,,,,,,,,,
1.7515E-6,5.9004E+0,-4.1180E-6,-5.0000E+0,38.9221E-3,-82.3603E-3,,4.1747E+6,,1.6214E-6,5.9004E+0,-3.2794E-6,-4.5000E+0,36.0302E-3,-65.5885E-3,,3.5575E+6,,1.4575E-6,5.9004E+0,-2.5834E-6,-4.0000E+0,32.3890E-3,-51.6678E-3,,4.2776E+6,,1.4266E-6,5.9004E+0,-1.9167E-6,-3.5000E+0,31.7019E-3,-38.3342E-3,,2.6683E+6,,1.8705E-3,5.9005E+0,-1.5897E-6,-3.0000E+0,41.5672E+0,-31.7932E-3,,3.2510E+3,,9.5104E-3,5.9004E+0,-1.1787E-6,-2.5000E+0,211.3397E+0,-23.5749E-3,,1.9348E+3,,17.3710E-3,5.9005E+0,-696.5583E-9,-2.0000E+0,386.0189E+0,-13.9312E-3,,2.5480E+3,,25.0066E-3,5.9005E+0,-566.5752E-9,-1.5000E+0,555.6969E+0,-11.3315E-3,,3.8076E+3,,32.2948E-3,5.9005E+0,-398.8571E-9,-1.0000E+0,717.6555E+0,-7.9771E-3,,10.7700E+3,,39.0946E-3,5.9005E+0,-361.1203E-9,-500.0000E-3,868.7591E+0,-7.2224E-3,,18.6743E+3,,45.2630E-3,5.9005E+0,-314.9980E-9,000.0000E+0,1.0058E+3,-6.3000E-3,,-13.6928E+3,,50.7993E-3,5.9005E+0,-168.2438E-9,500.0000E-3,1.1289E+3,-3.3649E-3,,-9.0198E+3,,55.6227E-3,5.9005E+0,-214.3661E-9,1.0000E+0,1.2360E+3,-4.2873E-3,,-15.7227E+3,,59.6521E-3,5.9005E+0,-398.8571E-9,1.5000E+0,1.3256E+3,-7.9771E-3,,18.2039E+3,,62.7615E-3,5.9005E+0,-361.1203E-9,2.0000E+0,1.3947E+3,-7.2224E-3,,3.1334E+3,,,,,,,,,,,,,,,,,,,,,,,,,,,,,,,,,,,,,,,,,,,,,,,,,,,,,,,,,,,,,,,,,,,,,,,,,,,,,,,,,,,,,,,,,,,,,,,,,,,,,,,,,,,,,,,,,,,,,,,,,,
1.7790E-6,6.0001E+0,-4.1138E-6,-5.0000E+0,39.5321E-3,-82.2765E-3,,3.6313E+6,,1.6426E-6,6.0001E+0,-3.3172E-6,-4.5000E+0,36.5012E-3,-66.3432E-3,,4.7032E+6,,1.4877E-6,6.0001E+0,-2.5540E-6,-4.0000E+0,33.0593E-3,-51.0808E-3,,3.3052E+6,,1.4677E-6,6.0001E+0,-1.8999E-6,-3.5000E+0,32.6156E-3,-37.9988E-3,,2.4248E+6,,1.9100E-3,6.0001E+0,-1.5687E-6,-3.0000E+0,42.4438E+0,-31.3739E-3,,2.5269E+3,,9.5618E-3,6.0001E+0,-1.1829E-6,-2.5000E+0,212.4826E+0,-23.6588E-3,,1.9383E+3,,17.4086E-3,6.0002E+0,-734.2933E-9,-2.0000E+0,386.8535E+0,-14.6859E-3,,2.6542E+3,,25.0353E-3,6.0002E+0,-533.0330E-9,-1.5000E+0,556.3336E+0,-10.6607E-3,,3.4797E+3,,32.3047E-3,6.0002E+0,-436.5938E-9,-1.0000E+0,717.8748E+0,-8.7319E-3,,10.1029E+3,,39.0947E-3,6.0002E+0,-356.9276E-9,-500.0000E-3,868.7620E+0,-7.1386E-3,,764.5806E+3,,45.2586E-3,6.0002E+0,-256.2956E-9,000.0000E+0,1.0057E+3,-5.1259E-3,,-22.7368E+3,,50.7871E-3,6.0002E+0,-210.1733E-9,500.0000E-3,1.1286E+3,-4.2035E-3,,-8.1739E+3,,55.6131E-3,6.0002E+0,-151.4727E-9,1.0000E+0,1.2358E+3,-3.0295E-3,,-10.3318E+3,,59.6533E-3,6.0002E+0,-419.8209E-9,1.5000E+0,1.3256E+3,-8.3964E-3,,83.1042E+3,,62.7890E-3,6.0002E+0,-432.4011E-9,2.0000E+0,1.3953E+3,-8.6480E-3,,3.6221E+3,,,,,,,,,,,,,,,,,,,,,,,,,,,,,,,,,,,,,,,,,,,,,,,,,,,,,,,,,,,,,,,,,,,,,,,,,,,,,,,,,,,,,,,,,,,,,,,,,,,,,,,,,,,,,,,,,,,,,,,,,,
1.8027E-6,6.1000E+0,-4.1977E-6,-5.0000E+0,40.0598E-3,-83.9537E-3,,4.2092E+6,,1.6682E-6,6.1000E+0,-3.3255E-6,-4.5000E+0,37.0716E-3,-66.5109E-3,,3.8932E+6,,1.5099E-6,6.1000E+0,-2.5918E-6,-4.0000E+0,33.5520E-3,-51.8356E-3,,4.5081E+6,,1.5059E-6,6.1000E+0,-1.9838E-6,-3.5000E+0,33.4646E-3,-39.6759E-3,,2.6159E+6,,1.9522E-3,6.1001E+0,-1.6232E-6,-3.0000E+0,43.3827E+0,-32.4640E-3,,2.3656E+3,,9.6070E-3,6.1001E+0,-1.1704E-6,-2.5000E+0,213.4865E+0,-23.4073E-3,,2.2122E+3,,17.4424E-3,6.1001E+0,-788.8029E-9,-2.0000E+0,387.6043E+0,-15.7761E-3,,2.9581E+3,,25.0602E-3,6.1001E+0,-621.0830E-9,-1.5000E+0,556.8869E+0,-12.4217E-3,,4.0140E+3,,32.3149E-3,6.1001E+0,-432.4011E-9,-1.0000E+0,718.1022E+0,-8.6480E-3,,9.7661E+3,,39.0971E-3,6.1001E+0,-407.2426E-9,-500.0000E-3,868.8164E+0,-8.1449E-3,,40.8334E+3,,45.2554E-3,6.1002E+0,-268.8739E-9,000.0000E+0,1.0057E+3,-5.3775E-3,,-31.1586E+3,,50.7731E-3,6.1002E+0,-193.4022E-9,500.0000E-3,1.1283E+3,-3.8680E-3,,-7.1543E+3,,55.6011E-3,6.1002E+0,-247.9101E-9,1.0000E+0,1.2356E+3,-4.9582E-3,,-8.3809E+3,,59.6513E-3,6.1002E+0,-344.3492E-9,1.5000E+0,1.3256E+3,-6.8870E-3,,-50.6175E+3,,62.8073E-3,6.1002E+0,-369.5059E-9,2.0000E+0,1.3957E+3,-7.3901E-3,,5.4756E+3,,,,,,,,,,,,,,,,,,,,,,,,,,,,,,,,,,,,,,,,,,,,,,,,,,,,,,,,,,,,,,,,,,,,,,,,,,,,,,,,,,,,,,,,,,,,,,,,,,,,,,,,,,,,,,,,,,,,,,,,,,
1.8237E-6,6.2001E+0,-4.1683E-6,-5.0000E+0,40.5261E-3,-83.3666E-3,,4.7677E+6,,1.6905E-6,6.2001E+0,-3.3884E-6,-4.5000E+0,37.5669E-3,-67.7688E-3,,4.4887E+6,,1.5350E-6,6.2001E+0,-2.6169E-6,-4.0000E+0,34.1099E-3,-52.3387E-3,,3.9845E+6,,1.5129E-6,6.2001E+0,-2.0257E-6,-3.5000E+0,33.6197E-3,-40.5145E-3,,14.3325E+6,,1.9877E-3,6.2001E+0,-1.5855E-6,-3.0000E+0,44.1697E+0,-31.7093E-3,,2.8251E+3,,9.6480E-3,6.2001E+0,-1.1578E-6,-2.5000E+0,214.3987E+0,-23.1557E-3,,2.4375E+3,,17.4767E-3,6.2001E+0,-746.8734E-9,-2.0000E+0,388.3682E+0,-14.9375E-3,,2.9107E+3,,25.0871E-3,6.2002E+0,-604.3119E-9,-1.5000E+0,557.4863E+0,-12.0862E-3,,3.7090E+3,,32.3253E-3,6.2002E+0,-470.1360E-9,-1.0000E+0,718.3333E+0,-9.4027E-3,,9.6194E+3,,39.0957E-3,6.2002E+0,-344.3492E-9,-500.0000E-3,868.7850E+0,-6.8870E-3,,-70.6799E+3,,45.2568E-3,6.2002E+0,-268.8739E-9,000.0000E+0,1.0057E+3,-5.3775E-3,,71.2434E+3,,50.7597E-3,6.2002E+0,-210.1733E-9,500.0000E-3,1.1280E+3,-4.2035E-3,,-7.4709E+3,,55.5907E-3,6.2002E+0,-235.3318E-9,1.0000E+0,1.2353E+3,-4.7066E-3,,-9.5474E+3,,59.6479E-3,6.2002E+0,-377.8914E-9,1.5000E+0,1.3255E+3,-7.5578E-3,,-29.2270E+3,,62.8225E-3,6.2002E+0,-365.3131E-9,2.0000E+0,1.3960E+3,-7.3063E-3,,6.5952E+3,,,,,,,,,,,,,,,,,,,,,,,,,,,,,,,,,,,,,,,,,,,,,,,,,,,,,,,,,,,,,,,,,,,,,,,,,,,,,,,,,,,,,,,,,,,,,,,,,,,,,,,,,,,,,,,,,,,,,,,,,,
1.8473E-6,6.3001E+0,-4.2186E-6,-5.0000E+0,41.0507E-3,-84.3730E-3,,4.2376E+6,,1.7227E-6,6.3001E+0,-3.4094E-6,-4.5000E+0,38.2816E-3,-68.1881E-3,,3.1105E+6,,1.5531E-6,6.3001E+0,-2.7343E-6,-4.0000E+0,34.5135E-3,-54.6868E-3,,5.5083E+6,,1.5382E-6,6.3001E+0,-2.0886E-6,-3.5000E+0,34.1823E-3,-41.7724E-3,,3.9512E+6,,2.0316E-3,6.3002E+0,-1.6609E-6,-3.0000E+0,45.1462E+0,-33.2188E-3,,2.2764E+3,,9.6864E-3,6.3002E+0,-1.2207E-6,-2.5000E+0,215.2508E+0,-24.4136E-3,,2.6090E+3,,17.5073E-3,6.3002E+0,-776.2246E-9,-2.0000E+0,389.0471E+0,-15.5245E-3,,3.2742E+3,,25.1128E-3,6.3002E+0,-663.0125E-9,-1.5000E+0,558.0571E+0,-13.2603E-3,,3.8950E+3,,32.3369E-3,6.3002E+0,-491.1017E-9,-1.0000E+0,718.5896E+0,-9.8220E-3,,8.6735E+3,,39.0949E-3,6.3002E+0,-323.3836E-9,-500.0000E-3,868.7678E+0,-6.4677E-3,,-129.7240E+3,,45.2568E-3,6.3002E+0,-319.1890E-9,000.0000E+0,1.0057E+3,-6.3838E-3,,-1.3425E+6,,50.7457E-3,6.3002E+0,-222.7516E-9,500.0000E-3,1.1277E+3,-4.4550E-3,,-7.1088E+3,,55.5781E-3,6.3003E+0,-226.9444E-9,1.0000E+0,1.2351E+3,-4.5389E-3,,-7.9684E+3,,59.6436E-3,6.3003E+0,-382.0860E-9,1.5000E+0,1.3254E+3,-7.6417E-3,,-23.6168E+3,,62.8330E-3,6.3003E+0,-386.2770E-9,2.0000E+0,1.3963E+3,-7.7255E-3,,9.4482E+3,,,,,,,,,,,,,,,,,,,,,,,,,,,,,,,,,,,,,,,,,,,,,,,,,,,,,,,,,,,,,,,,,,,,,,,,,,,,,,,,,,,,,,,,,,,,,,,,,,,,,,,,,,,,,,,,,,,,,,,,,,
1.8761E-6,6.3998E+0,-4.2522E-6,-5.0000E+0,41.6905E-3,-85.0438E-3,,3.4627E+6,,1.7390E-6,6.3998E+0,-3.4597E-6,-4.5000E+0,38.6433E-3,-69.1944E-3,,6.1257E+6,,1.5774E-6,6.3998E+0,-2.6924E-6,-4.0000E+0,35.0531E-3,-53.8482E-3,,4.1056E+6,,1.5425E-6,6.3998E+0,-2.1054E-6,-3.5000E+0,34.2764E-3,-42.1079E-3,,23.5449E+6,,2.0727E-3,6.3999E+0,-1.6693E-6,-3.0000E+0,46.0594E+0,-33.3865E-3,,2.4261E+3,,9.7220E-3,6.3999E+0,-1.2165E-6,-2.5000E+0,216.0426E+0,-24.3297E-3,,2.7978E+3,,17.5376E-3,6.3999E+0,-801.3812E-9,-2.0000E+0,389.7211E+0,-16.0276E-3,,3.2872E+3,,25.1364E-3,6.3999E+0,-658.8198E-9,-1.5000E+0,558.5805E+0,-13.1764E-3,,4.2327E+3,,32.3489E-3,6.3999E+0,-432.4011E-9,-1.0000E+0,718.8582E+0,-8.6480E-3,,8.2497E+3,,39.0901E-3,6.3999E+0,-369.5059E-9,-500.0000E-3,868.6596E+0,-7.3901E-3,,-20.4740E+3,,45.2579E-3,6.3999E+0,-268.8739E-9,000.0000E+0,1.0057E+3,-5.3775E-3,,91.9643E+3,,50.7313E-3,6.3999E+0,-214.3661E-9,500.0000E-3,1.1274E+3,-4.2873E-3,,-6.9639E+3,,55.5646E-3,6.4000E+0,-268.8739E-9,1.0000E+0,1.2348E+3,-5.3775E-3,,-7.3905E+3,,59.6350E-3,6.4000E+0,-403.0499E-9,1.5000E+0,1.3252E+3,-8.0610E-3,,-11.5547E+3,,62.8385E-3,6.4000E+0,-373.6986E-9,2.0000E+0,1.3964E+3,-7.4740E-3,,18.2798E+3,,,,,,,,,,,,,,,,,,,,,,,,,,,,,,,,,,,,,,,,,,,,,,,,,,,,,,,,,,,,,,,,,,,,,,,,,,,,,,,,,,,,,,,,,,,,,,,,,,,,,,,,,,,,,,,,,,,,,,,,,,
1.8912E-6,6.4999E+0,-4.2732E-6,-5.0000E+0,42.0255E-3,-85.4631E-3,,6.6360E+6,,1.7715E-6,6.4999E+0,-3.4346E-6,-4.5000E+0,39.3667E-3,-68.6913E-3,,3.0739E+6,,1.6083E-6,6.4999E+0,-2.6463E-6,-4.0000E+0,35.7393E-3,-52.9257E-3,,3.2403E+6,,1.5643E-6,6.4999E+0,-2.0844E-6,-3.5000E+0,34.7608E-3,-41.6886E-3,,4.5911E+6,,2.1098E-3,6.4999E+0,-1.6861E-6,-3.0000E+0,46.8845E+0,-33.7220E-3,,2.6948E+3,,9.7536E-3,6.4999E+0,-1.2710E-6,-2.5000E+0,216.7450E+0,-25.4199E-3,,3.1652E+3,,17.5644E-3,6.4999E+0,-822.3451E-9,-2.0000E+0,390.3150E+0,-16.4469E-3,,3.7435E+3,,25.1618E-3,6.4999E+0,-574.9625E-9,-1.5000E+0,559.1446E+0,-11.4993E-3,,3.9414E+3,,32.3607E-3,6.5000E+0,-465.9450E-9,-1.0000E+0,719.1185E+0,-9.3189E-3,,8.5429E+3,,39.0889E-3,6.5000E+0,-382.0860E-9,-500.0000E-3,868.6339E+0,-7.6417E-3,,-86.3650E+3,,45.2556E-3,6.5000E+0,-260.4902E-9,000.0000E+0,1.0057E+3,-5.2098E-3,,-43.5316E+3,,50.7178E-3,6.5000E+0,-235.3318E-9,500.0000E-3,1.1271E+3,-4.7066E-3,,-7.3992E+3,,55.5501E-3,6.5000E+0,-218.5607E-9,1.0000E+0,1.2344E+3,-4.3712E-3,,-6.8767E+3,,59.6295E-3,6.5000E+0,-407.2426E-9,1.5000E+0,1.3251E+3,-8.1449E-3,,-18.1374E+3,,62.8433E-3,6.5000E+0,-398.8571E-9,2.0000E+0,1.3965E+3,-7.9771E-3,,20.7555E+3,,,,,,,,,,,,,,,,,,,,,,,,,,,,,,,,,,,,,,,,,,,,,,,,,,,,,,,,,,,,,,,,,,,,,,,,,,,,,,,,,,,,,,,,,,,,,,,,,,,,,,,,,,,,,,,,,,,,,,,,,,
1.9134E-6,6.5999E+0,-4.3193E-6,-5.0000E+0,42.5190E-3,-86.3856E-3,,4.5043E+6,,1.7809E-6,6.5999E+0,-3.5017E-6,-4.5000E+0,39.5741E-3,-70.0330E-3,,10.7149E+6,,1.6279E-6,6.5999E+0,-2.8140E-6,-4.0000E+0,36.1759E-3,-56.2801E-3,,5.0916E+6,,1.6023E-6,6.5999E+0,-2.1096E-6,-3.5000E+0,35.6074E-3,-42.1917E-3,,2.6249E+6,,2.1490E-3,6.5999E+0,-1.6442E-6,-3.0000E+0,47.7558E+0,-32.8833E-3,,2.5508E+3,,9.7850E-3,6.5999E+0,-1.2962E-6,-2.5000E+0,217.4430E+0,-25.9230E-3,,3.1844E+3,,17.5916E-3,6.5999E+0,-797.1885E-9,-2.0000E+0,390.9196E+0,-15.9438E-3,,3.6764E+3,,25.1821E-3,6.6000E+0,-633.6631E-9,-1.5000E+0,559.5960E+0,-12.6733E-3,,4.9235E+3,,32.3727E-3,6.6000E+0,-495.2944E-9,-1.0000E+0,719.3872E+0,-9.9059E-3,,8.2709E+3,,39.0874E-3,6.6000E+0,-398.8571E-9,-500.0000E-3,868.6010E+0,-7.9771E-3,,-67.6298E+3,,45.2519E-3,6.6000E+0,-281.4540E-9,000.0000E+0,1.0056E+3,-5.6291E-3,,-27.5651E+3,,50.7036E-3,6.6000E+0,-189.2095E-9,500.0000E-3,1.1267E+3,-3.7842E-3,,-7.0413E+3,,55.5352E-3,6.6000E+0,-214.3661E-9,1.0000E+0,1.2341E+3,-4.2873E-3,,-6.7184E+3,,59.6181E-3,6.6000E+0,-356.9276E-9,1.5000E+0,1.3248E+3,-7.1386E-3,,-8.8014E+3,,62.8454E-3,6.6000E+0,-386.2770E-9,2.0000E+0,1.3966E+3,-7.7255E-3,,48.2910E+3,,,,,,,,,,,,,,,,,,,,,,,,,,,,,,,,,,,,,,,,,,,,,,,,,,,,,,,,,,,,,,,,,,,,,,,,,,,,,,,,,,,,,,,,,,,,,,,,,,,,,,,,,,,,,,,,,,,,,,,,,,
1.9318E-6,6.6996E+0,-4.3193E-6,-5.0000E+0,42.9279E-3,-86.3856E-3,,5.4190E+6,,1.8106E-6,6.6996E+0,-3.4975E-6,-4.5000E+0,40.2352E-3,-69.9492E-3,,3.3516E+6,,1.6562E-6,6.6996E+0,-2.8601E-6,-4.0000E+0,36.8038E-3,-57.2026E-3,,3.5286E+6,,1.6183E-6,6.6996E+0,-2.1725E-6,-3.5000E+0,35.9622E-3,-43.4496E-3,,6.2454E+6,,2.1888E-3,6.6996E+0,-1.7113E-6,-3.0000E+0,48.6404E+0,-34.2251E-3,,2.5048E+3,,9.8132E-3,6.6996E+0,-1.2752E-6,-2.5000E+0,218.0687E+0,-25.5037E-3,,3.5413E+3,,17.6166E-3,6.6997E+0,-822.3451E-9,-2.0000E+0,391.4762E+0,-16.4469E-3,,3.9808E+3,,25.2032E-3,6.6997E+0,-612.6975E-9,-1.5000E+0,560.0663E+0,-12.2539E-3,,4.7113E+3,,32.3837E-3,6.6997E+0,-524.6457E-9,-1.0000E+0,719.6315E+0,-10.4929E-3,,9.0691E+3,,39.0857E-3,6.6997E+0,-382.0860E-9,-500.0000E-3,868.5615E+0,-7.6417E-3,,-56.1053E+3,,45.2456E-3,6.6997E+0,-310.8053E-9,000.0000E+0,1.0054E+3,-6.2161E-3,,-15.8642E+3,,50.6929E-3,6.6997E+0,-218.5607E-9,500.0000E-3,1.1265E+3,-4.3712E-3,,-9.3448E+3,,55.5187E-3,6.6997E+0,-264.6811E-9,1.0000E+0,1.2337E+3,-5.2936E-3,,-6.0580E+3,,59.6080E-3,6.6997E+0,-361.1203E-9,1.5000E+0,1.3246E+3,-7.2224E-3,,-9.8364E+3,,62.8457E-3,6.6997E+0,-398.8571E-9,2.0000E+0,1.3966E+3,-7.9771E-3,,352.1516E+3,,,,,,,,,,,,,,,,,,,,,,,,,,,,,,,,,,,,,,,,,,,,,,,,,,,,,,,,,,,,,,,,,,,,,,,,,,,,,,,,,,,,,,,,,,,,,,,,,,,,,,,,,,,,,,,,,,,,,,,,,,
1.9515E-6,6.7997E+0,-4.3319E-6,-5.0000E+0,43.3656E-3,-86.6372E-3,,5.0808E+6,,1.8387E-6,6.7997E+0,-3.4975E-6,-4.5000E+0,40.8599E-3,-69.9492E-3,,3.5598E+6,,1.6790E-6,6.7997E+0,-2.8643E-6,-4.0000E+0,37.3113E-3,-57.2864E-3,,4.3818E+6,,1.6438E-6,6.7997E+0,-2.1683E-6,-3.5000E+0,36.5275E-3,-43.3658E-3,,3.9342E+6,,2.2259E-3,6.7997E+0,-1.7448E-6,-3.0000E+0,49.4650E+0,-34.8960E-3,,2.6972E+3,,9.8407E-3,6.7997E+0,-1.3129E-6,-2.5000E+0,218.6789E+0,-26.2585E-3,,3.6444E+3,,17.6393E-3,6.7997E+0,-797.1885E-9,-2.0000E+0,391.9802E+0,-15.9438E-3,,4.4124E+3,,25.2228E-3,6.7997E+0,-633.6631E-9,-1.5000E+0,560.5019E+0,-12.6733E-3,,5.1062E+3,,32.3958E-3,6.7998E+0,-465.9450E-9,-1.0000E+0,719.8988E+0,-9.3189E-3,,8.3201E+3,,39.0826E-3,6.7998E+0,-386.2770E-9,-500.0000E-3,868.4942E+0,-7.7255E-3,,-33.0048E+3,,45.2355E-3,6.7998E+0,-327.5763E-9,000.0000E+0,1.0052E+3,-6.5515E-3,,-9.8521E+3,,50.6825E-3,6.7998E+0,-193.4022E-9,500.0000E-3,1.1263E+3,-3.8680E-3,,-9.5879E+3,,55.5026E-3,6.7998E+0,-281.4540E-9,1.0000E+0,1.2334E+3,-5.6291E-3,,-6.1936E+3,,59.5957E-3,6.7998E+0,-394.6643E-9,1.5000E+0,1.3243E+3,-7.8933E-3,,-8.1419E+3,,62.8405E-3,6.7998E+0,-440.7848E-9,2.0000E+0,1.3964E+3,-8.8157E-3,,-19.2735E+3,,,,,,,,,,,,,,,,,,,,,,,,,,,,,,,,,,,,,,,,,,,,,,,,,,,,,,,,,,,,,,,,,,,,,,,,,,,,,,,,,,,,,,,,,,,,,,,,,,,,,,,,,,,,,,,,,,,,,,,,,,
1.9787E-6,6.8999E+0,-4.3067E-6,-5.0000E+0,43.9717E-3,-86.1340E-3,,3.6729E+6,,1.8565E-6,6.8999E+0,-3.5604E-6,-4.5000E+0,41.2541E-3,-71.2071E-3,,5.6472E+6,,1.7100E-6,6.8999E+0,-2.8685E-6,-4.0000E+0,37.9996E-3,-57.3702E-3,,3.2345E+6,,1.6759E-6,6.8999E+0,-2.1725E-6,-3.5000E+0,37.2410E-3,-43.4496E-3,,3.1201E+6,,2.2654E-3,6.8999E+0,-1.8161E-6,-3.0000E+0,50.3409E+0,-36.3216E-3,,2.5415E+3,,9.8647E-3,6.8999E+0,-1.3842E-6,-2.5000E+0,219.2131E+0,-27.6841E-3,,4.1678E+3,,17.6606E-3,6.8999E+0,-834.9252E-9,-2.0000E+0,392.4545E+0,-16.6985E-3,,4.6938E+3,,25.2407E-3,6.8999E+0,-658.8198E-9,-1.5000E+0,560.8981E+0,-13.1764E-3,,5.6176E+3,,32.4063E-3,6.8999E+0,-457.5577E-9,-1.0000E+0,720.1323E+0,-9.1512E-3,,9.5327E+3,,39.0797E-3,6.9000E+0,-432.4011E-9,-500.0000E-3,868.4283E+0,-8.6480E-3,,-33.7840E+3,,45.2264E-3,6.9000E+0,-302.4197E-9,000.0000E+0,1.0050E+3,-6.0484E-3,,-10.9677E+3,,50.6750E-3,6.9000E+0,-197.5932E-9,500.0000E-3,1.1261E+3,-3.9519E-3,,-13.3603E+3,,55.4854E-3,6.9000E+0,-268.8739E-9,1.0000E+0,1.2330E+3,-5.3775E-3,,-5.8255E+3,,59.5825E-3,6.9000E+0,-444.9794E-9,1.5000E+0,1.3240E+3,-8.8996E-3,,-7.5684E+3,,62.8361E-3,6.9000E+0,-428.2065E-9,2.0000E+0,1.3963E+3,-8.5641E-3,,-22.9060E+3,,,,,,,,,,,,,,,,,,,,,,,,,,,,,,,,,,,,,,,,,,,,,,,,,,,,,,,,,,,,,,,,,,,,,,,,,,,,,,,,,,,,,,,,,,,,,,,,,,,,,,,,,,,,,,,,,,,,,,,,,,
2.0009E-6,7.0000E+0,-4.3822E-6,-5.0000E+0,44.4641E-3,-87.6435E-3,,4.5206E+6,,1.8787E-6,7.0000E+0,-3.5687E-6,-4.5000E+0,41.7491E-3,-71.3748E-3,,4.4969E+6,,1.7293E-6,7.0000E+0,-2.8475E-6,-4.0000E+0,38.4293E-3,-56.9510E-3,,5.1797E+6,,1.7030E-6,7.0000E+0,-2.2018E-6,-3.5000E+0,37.8440E-3,-44.0366E-3,,3.6910E+6,,2.3009E-3,7.0001E+0,-1.7867E-6,-3.0000E+0,51.1317E+0,-35.7346E-3,,2.8149E+3,,9.8872E-3,7.0001E+0,-1.3758E-6,-2.5000E+0,219.7141E+0,-27.5164E-3,,4.4427E+3,,17.6806E-3,7.0001E+0,-902.0132E-9,-2.0000E+0,392.8981E+0,-18.0403E-3,,5.0179E+3,,25.2586E-3,7.0001E+0,-646.2415E-9,-1.5000E+0,561.2962E+0,-12.9248E-3,,5.5916E+3,,32.4162E-3,7.0001E+0,-470.1360E-9,-1.0000E+0,720.3523E+0,-9.4027E-3,,10.1201E+3,,39.0777E-3,7.0001E+0,-411.4372E-9,-500.0000E-3,868.3847E+0,-8.2287E-3,,-51.1236E+3,,45.2158E-3,7.0001E+0,-327.5763E-9,000.0000E+0,1.0048E+3,-6.5515E-3,,-9.4841E+3,,50.6695E-3,7.0002E+0,-147.2781E-9,500.0000E-3,1.1260E+3,-2.9456E-3,,-18.0577E+3,,55.4682E-3,7.0002E+0,-231.1390E-9,1.0000E+0,1.2326E+3,-4.6228E-3,,-5.8290E+3,,59.5699E-3,7.0002E+0,-407.2426E-9,1.5000E+0,1.3238E+3,-8.1449E-3,,-7.9458E+3,,62.8316E-3,7.0002E+0,-373.6986E-9,2.0000E+0,1.3962E+3,-7.4740E-3,,-22.0376E+3,,,,,,,,,,,,,,,,,,,,,,,,,,,,,,,,,,,,,,,,,,,,,,,,,,,,,,,,,,,,,,,,,,,,,,,,,,,,,,,,,,,,,,,,,,,,,,,,,,,,,,,,,,,,,,,,,,,,,,,,,,
2.0237E-6,7.0999E+0,-4.3528E-6,-5.0000E+0,44.9701E-3,-87.0564E-3,,4.3842E+6,,1.9019E-6,7.0999E+0,-3.6149E-6,-4.5000E+0,42.2638E-3,-72.2972E-3,,4.3106E+6,,1.7579E-6,7.0999E+0,-2.9104E-6,-4.0000E+0,39.0640E-3,-58.2089E-3,,3.4958E+6,,1.7521E-6,7.0999E+0,-2.2228E-6,-3.5000E+0,38.9346E-3,-44.4560E-3,,2.0344E+6,,2.3355E-3,7.0999E+0,-1.8580E-6,-3.0000E+0,51.8988E+0,-37.1602E-3,,2.8920E+3,,9.9091E-3,7.0999E+0,-1.2878E-6,-2.5000E+0,220.1995E+0,-25.7553E-3,,4.5709E+3,,17.6999E-3,7.0999E+0,-902.0132E-9,-2.0000E+0,393.3282E+0,-18.0403E-3,,5.1586E+3,,25.2740E-3,7.0999E+0,-700.7493E-9,-1.5000E+0,561.6395E+0,-14.0150E-3,,6.4627E+3,,32.4258E-3,7.1000E+0,-495.2944E-9,-1.0000E+0,720.5656E+0,-9.9059E-3,,10.4004E+3,,39.0758E-3,7.1000E+0,-424.0155E-9,-500.0000E-3,868.3420E+0,-8.4803E-3,,-51.9350E+3,,45.2039E-3,7.1000E+0,-298.2251E-9,000.0000E+0,1.0045E+3,-5.9645E-3,,-8.3903E+3,,50.6618E-3,7.1000E+0,-180.8239E-9,500.0000E-3,1.1258E+3,-3.6165E-3,,-12.9843E+3,,55.4506E-3,7.1000E+0,-210.1733E-9,1.0000E+0,1.2322E+3,-4.2035E-3,,-5.6728E+3,,59.5539E-3,7.1000E+0,-419.8209E-9,1.5000E+0,1.3234E+3,-8.3964E-3,,-6.2561E+3,,62.8237E-3,7.1000E+0,-373.6986E-9,2.0000E+0,1.3961E+3,-7.4740E-3,,-12.6419E+3,,,,,,,,,,,,,,,,,,,,,,,,,,,,,,,,,,,,,,,,,,,,,,,,,,,,,,,,,,,,,,,,,,,,,,,,,,,,,,,,,,,,,,,,,,,,,,,,,,,,,,,,,,,,,,,,,,,,,,,,,,
2.0500E-6,7.2001E+0,-4.4409E-6,-5.0000E+0,45.5547E-3,-88.8175E-3,,3.8090E+6,,1.9185E-6,7.2001E+0,-3.6023E-6,-4.5000E+0,42.6321E-3,-72.0456E-3,,6.0450E+6,,1.7804E-6,7.2001E+0,-2.8853E-6,-4.0000E+0,39.5644E-3,-57.7057E-3,,4.4496E+6,,1.7637E-6,7.2001E+0,-2.1934E-6,-3.5000E+0,39.1933E-3,-43.8689E-3,,8.6104E+6,,2.3712E-3,7.2001E+0,-1.8496E-6,-3.0000E+0,52.6924E+0,-36.9925E-3,,2.8058E+3,,9.9298E-3,7.2001E+0,-1.3800E-6,-2.5000E+0,220.6597E+0,-27.6002E-3,,4.8377E+3,,17.7174E-3,7.2001E+0,-906.2041E-9,-2.0000E+0,393.7159E+0,-18.1241E-3,,5.7424E+3,,25.2883E-3,7.2001E+0,-642.0487E-9,-1.5000E+0,561.9574E+0,-12.8410E-3,,7.0055E+3,,32.4338E-3,7.2001E+0,-512.0673E-9,-1.0000E+0,720.7444E+0,-10.2413E-3,,12.4511E+3,,39.0734E-3,7.2002E+0,-403.0499E-9,-500.0000E-3,868.2898E+0,-8.0610E-3,,-42.6933E+3,,45.1917E-3,7.2002E+0,-310.8053E-9,000.0000E+0,1.0043E+3,-6.2161E-3,,-8.2352E+3,,50.6554E-3,7.2002E+0,-239.5245E-9,500.0000E-3,1.1257E+3,-4.7905E-3,,-15.6185E+3,,55.4320E-3,7.2002E+0,-193.4022E-9,1.0000E+0,1.2318E+3,-3.8680E-3,,-5.3998E+3,,59.5381E-3,7.2002E+0,-394.6643E-9,1.5000E+0,1.3231E+3,-7.8933E-3,,-6.3462E+3,,62.8141E-3,7.2002E+0,-398.8571E-9,2.0000E+0,1.3959E+3,-7.9771E-3,,-10.4494E+3,,,,,,,,,,,,,,,,,,,,,,,,,,,,,,,,,,,,,,,,,,,,,,,,,,,,,,,,,,,,,,,,,,,,,,,,,,,,,,,,,,,,,,,,,,,,,,,,,,,,,,,,,,,,,,,,,,,,,,,,,,
2.0738E-6,7.3002E+0,-4.4325E-6,-5.0000E+0,46.0848E-3,-88.6498E-3,,4.1985E+6,,1.9467E-6,7.3002E+0,-3.6316E-6,-4.5000E+0,43.2597E-3,-72.6326E-3,,3.5468E+6,,1.8006E-6,7.3002E+0,-2.9733E-6,-4.0000E+0,40.0119E-3,-59.4668E-3,,4.9737E+6,,1.7649E-6,7.3002E+0,-2.2186E-6,-3.5000E+0,39.2191E-3,-44.3721E-3,,86.2826E+6,,2.4080E-3,7.3003E+0,-1.8790E-6,-3.0000E+0,53.5100E+0,-37.5795E-3,,2.7223E+3,,9.9484E-3,7.3003E+0,-1.3507E-6,-2.5000E+0,221.0743E+0,-27.0132E-3,,5.3684E+3,,17.7334E-3,7.3003E+0,-889.4349E-9,-2.0000E+0,394.0723E+0,-17.7887E-3,,6.2453E+3,,25.3017E-3,7.3003E+0,-688.1710E-9,-1.5000E+0,562.2540E+0,-13.7634E-3,,7.5032E+3,,32.4408E-3,7.3003E+0,-453.3667E-9,-1.0000E+0,720.8990E+0,-9.0673E-3,,14.4015E+3,,39.0723E-3,7.3003E+0,-403.0499E-9,-500.0000E-3,868.2646E+0,-8.0610E-3,,-88.1584E+3,,45.1792E-3,7.3003E+0,-419.8209E-9,000.0000E+0,1.0040E+3,-8.3964E-3,,-7.9875E+3,,50.6464E-3,7.3003E+0,-243.7173E-9,500.0000E-3,1.1255E+3,-4.8743E-3,,-11.2132E+3,,55.4134E-3,7.3004E+0,-180.8239E-9,1.0000E+0,1.2314E+3,-3.6165E-3,,-5.3615E+3,,59.5214E-3,7.3004E+0,-335.9619E-9,1.5000E+0,1.3227E+3,-6.7192E-3,,-5.9829E+3,,62.8040E-3,7.3004E+0,-352.7348E-9,2.0000E+0,1.3956E+3,-7.0547E-3,,-9.9507E+3,,,,,,,,,,,,,,,,,,,,,,,,,,,,,,,,,,,,,,,,,,,,,,,,,,,,,,,,,,,,,,,,,,,,,,,,,,,,,,,,,,,,,,,,,,,,,,,,,,,,,,,,,,,,,,,,,,,,,,,,,,
2.0950E-6,7.4001E+0,-4.4576E-6,-5.0000E+0,46.5550E-3,-89.1530E-3,,4.7193E+6,,1.9727E-6,7.4001E+0,-3.6149E-6,-4.5000E+0,43.8383E-3,-72.2972E-3,,3.8348E+6,,1.8216E-6,7.4001E+0,-2.9314E-6,-4.0000E+0,40.4790E-3,-58.6282E-3,,4.7499E+6,,1.7898E-6,7.4001E+0,-2.2312E-6,-3.5000E+0,39.7739E-3,-44.6236E-3,,3.9990E+6,,2.4390E-3,7.4001E+0,-1.9503E-6,-3.0000E+0,54.1993E+0,-39.0051E-3,,3.2183E+3,,9.9666E-3,7.4001E+0,-1.3590E-6,-2.5000E+0,221.4774E+0,-27.1809E-3,,5.5047E+3,,17.7495E-3,7.4001E+0,-952.3283E-9,-2.0000E+0,394.4303E+0,-19.0466E-3,,6.1971E+3,,25.3121E-3,7.4001E+0,-667.2071E-9,-1.5000E+0,562.4866E+0,-13.3441E-3,,9.5374E+3,,32.4473E-3,7.4001E+0,-507.8746E-9,-1.0000E+0,721.0429E+0,-10.1575E-3,,15.4107E+3,,39.0694E-3,7.4002E+0,-382.0860E-9,-500.0000E-3,868.1997E+0,-7.6417E-3,,-34.1809E+3,,45.1671E-3,7.4002E+0,-323.3836E-9,000.0000E+0,1.0037E+3,-6.4677E-3,,-8.2718E+3,,50.6351E-3,7.4002E+0,-273.0685E-9,500.0000E-3,1.1252E+3,-5.4614E-3,,-8.8382E+3,,55.3969E-3,7.4002E+0,-172.4366E-9,1.0000E+0,1.2310E+3,-3.4487E-3,,-6.0700E+3,,59.5047E-3,7.4002E+0,-407.2426E-9,1.5000E+0,1.3223E+3,-8.1449E-3,,-5.9698E+3,,62.7927E-3,7.4002E+0,-382.0860E-9,2.0000E+0,1.3954E+3,-7.6417E-3,,-8.8391E+3,,,,,,,,,,,,,,,,,,,,,,,,,,,,,,,,,,,,,,,,,,,,,,,,,,,,,,,,,,,,,,,,,,,,,,,,,,,,,,,,,,,,,,,,,,,,,,,,,,,,,,,,,,,,,,,,,,,,,,,,,,
2.1247E-6,7.5002E+0,-4.4828E-6,-5.0000E+0,47.2140E-3,-89.6561E-3,,3.3749E+6,,1.9861E-6,7.5002E+0,-3.7029E-6,-4.5000E+0,44.1355E-3,-74.0583E-3,,7.4820E+6,,1.8466E-6,7.5002E+0,-3.0027E-6,-4.0000E+0,41.0355E-3,-60.0538E-3,,3.9966E+6,,1.8172E-6,7.5002E+0,-2.2480E-6,-3.5000E+0,40.3813E-3,-44.9591E-3,,3.6622E+6,,2.4740E-3,7.5002E+0,-1.9083E-6,-3.0000E+0,54.9764E+0,-38.1665E-3,,2.8624E+3,,9.9832E-3,7.5002E+0,-1.3842E-6,-2.5000E+0,221.8466E+0,-27.6841E-3,,6.0234E+3,,17.7627E-3,7.5002E+0,-931.3626E-9,-2.0000E+0,394.7232E+0,-18.6273E-3,,7.5944E+3,,25.3223E-3,7.5002E+0,-663.0125E-9,-1.5000E+0,562.7127E+0,-13.2603E-3,,9.8370E+3,,32.4534E-3,7.5002E+0,-482.7161E-9,-1.0000E+0,721.1798E+0,-9.6543E-3,,16.2455E+3,,39.0660E-3,7.5003E+0,-424.0155E-9,-500.0000E-3,868.1240E+0,-8.4803E-3,,-29.3992E+3,,45.1533E-3,7.5003E+0,-419.8209E-9,000.0000E+0,1.0034E+3,-8.3964E-3,,-7.2266E+3,,50.6221E-3,7.5003E+0,-256.2956E-9,500.0000E-3,1.1249E+3,-5.1259E-3,,-7.6744E+3,,55.3804E-3,7.5003E+0,-231.1390E-9,1.0000E+0,1.2307E+3,-4.6228E-3,,-6.0637E+3,,59.4856E-3,7.5003E+0,-344.3492E-9,1.5000E+0,1.3219E+3,-6.8870E-3,,-5.2675E+3,,62.7798E-3,7.5003E+0,-390.4697E-9,2.0000E+0,1.3951E+3,-7.8094E-3,,-7.7344E+3,,,,,,,,,,,,,,,,,,,,,,,,,,,,,,,,,,,,,,,,,,,,,,,,,,,,,,,,,,,,,,,,,,,,,,,,,,,,,,,,,,,,,,,,,,,,,,,,,,,,,,,,,,,,,,,,,,,,,,,,,,
2.1508E-6,7.6003E+0,-4.5038E-6,-5.0000E+0,47.7953E-3,-90.0754E-3,,3.8295E+6,,2.0150E-6,7.6003E+0,-3.7490E-6,-4.5000E+0,44.7764E-3,-74.9807E-3,,3.4732E+6,,1.8745E-6,7.6003E+0,-2.9901E-6,-4.0000E+0,41.6547E-3,-59.8022E-3,,3.5952E+6,,1.8349E-6,7.6003E+0,-2.3192E-6,-3.5000E+0,40.7755E-3,-46.3847E-3,,5.6468E+6,,2.5044E-3,7.6004E+0,-1.9209E-6,-3.0000E+0,55.6534E+0,-38.4181E-3,,3.2883E+3,,9.9980E-3,7.6004E+0,-1.4219E-6,-2.5000E+0,222.1756E+0,-28.4388E-3,,6.7667E+3,,17.7750E-3,7.6004E+0,-943.9427E-9,-2.0000E+0,394.9957E+0,-18.8789E-3,,8.1697E+3,,25.3317E-3,7.6004E+0,-675.5927E-9,-1.5000E+0,562.9221E+0,-13.5119E-3,,10.6302E+3,,32.4583E-3,7.6004E+0,-562.3824E-9,-1.0000E+0,721.2891E+0,-11.2476E-3,,20.3712E+3,,39.0638E-3,7.6004E+0,-486.9089E-9,-500.0000E-3,868.0755E+0,-9.7382E-3,,-45.8832E+3,,45.1397E-3,7.6004E+0,-373.6986E-9,000.0000E+0,1.0031E+3,-7.4740E-3,,-7.3831E+3,,50.6070E-3,7.6004E+0,-239.5245E-9,500.0000E-3,1.1246E+3,-4.7905E-3,,-6.6513E+3,,55.3649E-3,7.6005E+0,-231.1390E-9,1.0000E+0,1.2303E+3,-4.6228E-3,,-6.4844E+3,,59.4678E-3,7.6005E+0,-331.7691E-9,1.5000E+0,1.3215E+3,-6.6354E-3,,-5.6016E+3,,62.7672E-3,7.6005E+0,-377.8914E-9,2.0000E+0,1.3948E+3,-7.5578E-3,,-7.9978E+3,,,,,,,,,,,,,,,,,,,,,,,,,,,,,,,,,,,,,,,,,,,,,,,,,,,,,,,,,,,,,,,,,,,,,,,,,,,,,,,,,,,,,,,,,,,,,,,,,,,,,,,,,,,,,,,,,,,,,,,,,,
2.1683E-6,7.7005E+0,-4.6044E-6,-5.0000E+0,48.1829E-3,-92.0880E-3,,5.7423E+6,,2.0341E-6,7.7005E+0,-3.7071E-6,-4.5000E+0,45.2016E-3,-74.1421E-3,,5.2349E+6,,1.8902E-6,7.7005E+0,-3.0446E-6,-4.0000E+0,42.0039E-3,-60.8923E-3,,6.3743E+6,,1.9124E-6,7.7005E+0,-2.2983E-6,-3.5000E+0,42.4979E-3,-45.9654E-3,,1.2925E+6,,2.5343E-3,7.7005E+0,-2.0048E-6,-3.0000E+0,56.3178E+0,-40.0953E-3,,3.3501E+3,,10.0141E-3,7.7005E+0,-1.4932E-6,-2.5000E+0,222.5335E+0,-29.8644E-3,,6.2189E+3,,17.7879E-3,7.7005E+0,-1.0110E-6,-2.0000E+0,395.2817E+0,-20.2206E-3,,7.7814E+3,,25.3411E-3,7.7005E+0,-700.7493E-9,-1.5000E+0,563.1290E+0,-14.0150E-3,,10.7565E+3,,32.4610E-3,7.7006E+0,-541.4167E-9,-1.0000E+0,721.3487E+0,-10.8283E-3,,37.3429E+3,,39.0597E-3,7.7006E+0,-419.8209E-9,-500.0000E-3,867.9853E+0,-8.3964E-3,,-24.6677E+3,,45.1274E-3,7.7006E+0,-419.8209E-9,000.0000E+0,1.0028E+3,-8.3964E-3,,-8.1724E+3,,50.5903E-3,7.7006E+0,-264.6811E-9,500.0000E-3,1.1242E+3,-5.2936E-3,,-5.9697E+3,,55.3506E-3,7.7006E+0,-222.7516E-9,1.0000E+0,1.2300E+3,-4.4550E-3,,-7.0032E+3,,59.4481E-3,7.7006E+0,-373.6986E-9,1.5000E+0,1.3211E+3,-7.4740E-3,,-5.1017E+3,,62.7533E-3,7.7006E+0,-365.3131E-9,2.0000E+0,1.3945E+3,-7.3063E-3,,-7.1856E+3,,,,,,,,,,,,,,,,,,,,,,,,,,,,,,,,,,,,,,,,,,,,,,,,,,,,,,,,,,,,,,,,,,,,,,,,,,,,,,,,,,,,,,,,,,,,,,,,,,,,,,,,,,,,,,,,,,,,,,,,,,
2.1905E-6,7.8003E+0,-4.6254E-6,-5.0000E+0,48.6774E-3,-92.5073E-3,,4.4869E+6,,2.0451E-6,7.8003E+0,-3.7784E-6,-4.5000E+0,45.4452E-3,-75.5677E-3,,9.1089E+6,,1.9071E-6,7.8003E+0,-3.0782E-6,-4.0000E+0,42.3804E-3,-61.5632E-3,,5.8933E+6,,1.8922E-6,7.8003E+0,-2.3821E-6,-3.5000E+0,42.0494E-3,-47.6426E-3,,-4.9464E+6,,2.5616E-3,7.8004E+0,-2.0048E-6,-3.0000E+0,56.9239E+0,-40.0953E-3,,3.6609E+3,,10.0290E-3,7.8004E+0,-1.5435E-6,-2.5000E+0,222.8654E+0,-30.8707E-3,,6.6863E+3,,17.7984E-3,7.8004E+0,-1.0446E-6,-2.0000E+0,395.5165E+0,-20.8915E-3,,9.4485E+3,,25.3490E-3,7.8004E+0,-709.1367E-9,-1.5000E+0,563.3061E+0,-14.1827E-3,,12.5339E+3,,32.4650E-3,7.8004E+0,-528.8384E-9,-1.0000E+0,721.4364E+0,-10.5768E-3,,25.3099E+3,,39.0548E-3,7.8004E+0,-491.1017E-9,-500.0000E-3,867.8768E+0,-9.8220E-3,,-20.4604E+3,,45.1140E-3,7.8004E+0,-340.1565E-9,000.0000E+0,1.0025E+3,-6.8031E-3,,-7.4332E+3,,50.5729E-3,7.8005E+0,-235.3318E-9,500.0000E-3,1.1238E+3,-4.7066E-3,,-5.7540E+3,,55.3383E-3,7.8005E+0,-193.4022E-9,1.0000E+0,1.2297E+3,-3.8680E-3,,-8.0861E+3,,59.4273E-3,7.8005E+0,-352.7348E-9,1.5000E+0,1.3206E+3,-7.0547E-3,,-4.8004E+3,,62.7394E-3,7.8005E+0,-356.9276E-9,2.0000E+0,1.3942E+3,-7.1386E-3,,-7.1810E+3,,,,,,,,,,,,,,,,,,,,,,,,,,,,,,,,,,,,,,,,,,,,,,,,,,,,,,,,,,,,,,,,,,,,,,,,,,,,,,,,,,,,,,,,,,,,,,,,,,,,,,,,,,,,,,,,,,,,,,,,,,
2.2187E-6,7.9005E+0,-4.6463E-6,-5.0000E+0,49.3049E-3,-92.9266E-3,,3.5475E+6,,2.0752E-6,7.9005E+0,-3.8413E-6,-4.5000E+0,46.1143E-3,-76.8256E-3,,3.3269E+6,,1.9472E-6,7.9005E+0,-3.0195E-6,-4.0000E+0,43.2697E-3,-60.3892E-3,,2.5029E+6,,1.9281E-6,7.9005E+0,-2.3570E-6,-3.5000E+0,42.8461E-3,-47.1394E-3,,2.7946E+6,,2.5888E-3,7.9006E+0,-1.9964E-6,-3.0000E+0,57.5278E+0,-39.9275E-3,,3.6855E+3,,10.0413E-3,7.9005E+0,-1.5268E-6,-2.5000E+0,223.1382E+0,-30.5353E-3,,8.1584E+3,,17.8085E-3,7.9006E+0,-1.0613E-6,-2.0000E+0,395.7416E+0,-21.2269E-3,,9.8912E+3,,25.3560E-3,7.9006E+0,-730.1005E-9,-1.5000E+0,563.4621E+0,-14.6020E-3,,14.2694E+3,,32.4663E-3,7.9006E+0,-537.2240E-9,-1.0000E+0,721.4668E+0,-10.7445E-3,,73.2697E+3,,39.0498E-3,7.9006E+0,-495.2944E-9,-500.0000E-3,867.7638E+0,-9.9059E-3,,-19.6986E+3,,45.1002E-3,7.9006E+0,-377.8914E-9,000.0000E+0,1.0022E+3,-7.5578E-3,,-7.2617E+3,,50.5544E-3,7.9006E+0,-243.7173E-9,500.0000E-3,1.1234E+3,-4.8743E-3,,-5.4170E+3,,55.3270E-3,7.9006E+0,-210.1733E-9,1.0000E+0,1.2295E+3,-4.2035E-3,,-8.8622E+3,,59.4089E-3,7.9006E+0,-398.8571E-9,1.5000E+0,1.3202E+3,-7.9771E-3,,-5.4276E+3,,62.7248E-3,7.9006E+0,-369.5059E-9,2.0000E+0,1.3939E+3,-7.3901E-3,,-6.8773E+3,,,,,,,,,,,,,,,,,,,,,,,,,,,,,,,,,,,,,,,,,,,,,,,,,,,,,,,,,,,,,,,,,,,,,,,,,,,,,,,,,,,,,,,,,,,,,,,,,,,,,,,,,,,,,,,,,,,,,,,,,,
2.2425E-6,8.0007E+0,-4.7008E-6,-5.0000E+0,49.8321E-3,-94.0168E-3,,4.2224E+6,,2.0961E-6,8.0007E+0,-3.8329E-6,-4.5000E+0,46.5787E-3,-76.6579E-3,,4.7931E+6,,1.9666E-6,8.0007E+0,-3.1117E-6,-4.0000E+0,43.7027E-3,-62.2341E-3,,5.1409E+6,,1.9695E-6,8.0007E+0,-2.3696E-6,-3.5000E+0,43.7661E-3,-47.3910E-3,,2.4190E+6,,2.6153E-3,8.0007E+0,-1.9419E-6,-3.0000E+0,58.1164E+0,-38.8374E-3,,3.7824E+3,,10.0530E-3,8.0007E+0,-1.5603E-6,-2.5000E+0,223.3972E+0,-31.2061E-3,,8.5965E+3,,17.8182E-3,8.0007E+0,-1.0530E-6,-2.0000E+0,395.9554E+0,-21.0592E-3,,10.4116E+3,,25.3605E-3,8.0007E+0,-696.5583E-9,-1.5000E+0,563.5602E+0,-13.9312E-3,,22.6892E+3,,32.4670E-3,8.0008E+0,-545.6113E-9,-1.0000E+0,721.4810E+0,-10.9122E-3,,156.3148E+3,,39.0449E-3,8.0008E+0,-440.7848E-9,-500.0000E-3,867.6550E+0,-8.8157E-3,,-20.4469E+3,,45.0862E-3,8.0008E+0,-407.2426E-9,000.0000E+0,1.0019E+3,-8.1449E-3,,-7.1317E+3,,50.5355E-3,8.0008E+0,-214.3661E-9,500.0000E-3,1.1230E+3,-4.2873E-3,,-5.2988E+3,,55.3162E-3,8.0008E+0,-210.1733E-9,1.0000E+0,1.2292E+3,-4.2035E-3,,-9.3167E+3,,59.3858E-3,8.0008E+0,-407.2426E-9,1.5000E+0,1.3197E+3,-8.1449E-3,,-4.3415E+3,,62.7096E-3,8.0008E+0,-403.0499E-9,2.0000E+0,1.3935E+3,-8.0610E-3,,-6.5580E+3,,,,,,,,,,,,,,,,,,,,,,,,,,,,,,,,,,,,,,,,,,,,,,,,,,,,,,,,,,,,,,,,,,,,,,,,,,,,,,,,,,,,,,,,,,,,,,,,,,,,,,,,,,,,,,,,,,,,,,,,,,
2.2665E-6,8.1009E+0,-4.6925E-6,-5.0000E+0,50.3663E-3,-93.8490E-3,,4.1667E+6,,2.1241E-6,8.1008E+0,-3.8035E-6,-4.5000E+0,47.2017E-3,-76.0709E-3,,3.5728E+6,,1.9892E-6,8.1008E+0,-3.1201E-6,-4.0000E+0,44.2045E-3,-62.4018E-3,,4.4361E+6,,1.9932E-6,8.1008E+0,-2.3905E-6,-3.5000E+0,44.2927E-3,-47.8103E-3,,4.2267E+6,,2.6382E-3,8.1009E+0,-2.0551E-6,-3.0000E+0,58.6263E+0,-41.1016E-3,,4.3649E+3,,10.0666E-3,8.1009E+0,-1.5058E-6,-2.5000E+0,223.7001E+0,-30.1160E-3,,7.3463E+3,,17.8271E-3,8.1009E+0,-1.0613E-6,-2.0000E+0,396.1543E+0,-21.2269E-3,,11.1887E+3,,25.3647E-3,8.1009E+0,-742.6788E-9,-1.5000E+0,563.6540E+0,-14.8536E-3,,23.7223E+3,,32.4666E-3,8.1009E+0,-562.3824E-9,-1.0000E+0,721.4729E+0,-11.2476E-3,,-274.3771E+3,,39.0389E-3,8.1009E+0,-449.1721E-9,-500.0000E-3,867.5215E+0,-8.9834E-3,,-16.6802E+3,,45.0724E-3,8.1009E+0,-398.8571E-9,000.0000E+0,1.0016E+3,-7.9771E-3,,-7.2932E+3,,50.5165E-3,8.1010E+0,-222.7516E-9,500.0000E-3,1.1226E+3,-4.4550E-3,,-5.2737E+3,,55.3031E-3,8.1010E+0,-281.4540E-9,1.0000E+0,1.2289E+3,-5.6291E-3,,-7.5950E+3,,59.3645E-3,8.1010E+0,-327.5763E-9,1.5000E+0,1.3192E+3,-6.5515E-3,,-4.6969E+3,,62.6930E-3,8.1010E+0,-424.0155E-9,2.0000E+0,1.3932E+3,-8.4803E-3,,-6.0532E+3,,,,,,,,,,,,,,,,,,,,,,,,,,,,,,,,,,,,,,,,,,,,,,,,,,,,,,,,,,,,,,,,,,,,,,,,,,,,,,,,,,,,,,,,,,,,,,,,,,,,,,,,,,,,,,,,,,,,,,,,,,
2.2958E-6,8.2006E+0,-4.7260E-6,-5.0000E+0,51.0168E-3,-94.5199E-3,,3.4086E+6,,2.1474E-6,8.2006E+0,-3.8413E-6,-4.5000E+0,47.7206E-3,-76.8256E-3,,4.2728E+6,,2.0104E-6,8.2006E+0,-3.0949E-6,-4.0000E+0,44.6747E-3,-61.8987E-3,,4.7152E+6,,2.0547E-6,8.2006E+0,-2.3696E-6,-3.5000E+0,45.6600E-3,-47.3910E-3,,1.6216E+6,,2.6636E-3,8.2007E+0,-2.0257E-6,-3.0000E+0,59.1897E+0,-40.5145E-3,,3.9351E+3,,10.0772E-3,8.2007E+0,-1.5645E-6,-2.5000E+0,223.9355E+0,-31.2900E-3,,9.4203E+3,,17.8347E-3,8.2007E+0,-1.0907E-6,-2.0000E+0,396.3227E+0,-21.8139E-3,,13.1685E+3,,25.3685E-3,8.2007E+0,-780.4174E-9,-1.5000E+0,563.7391E+0,-15.6083E-3,,26.0532E+3,,32.4664E-3,8.2007E+0,-595.9264E-9,-1.0000E+0,721.4679E+0,-11.9185E-3,,-439.0400E+3,,39.0319E-3,8.2007E+0,-512.0673E-9,-500.0000E-3,867.3669E+0,-10.2413E-3,,-14.3379E+3,,45.0570E-3,8.2007E+0,-403.0499E-9,000.0000E+0,1.0013E+3,-8.0610E-3,,-6.4615E+3,,50.4959E-3,8.2007E+0,-235.3318E-9,500.0000E-3,1.1221E+3,-4.7066E-3,,-4.8422E+3,,55.2883E-3,8.2007E+0,-172.4366E-9,1.0000E+0,1.2286E+3,-3.4487E-3,,-6.7585E+3,,59.3439E-3,8.2008E+0,-319.1890E-9,1.5000E+0,1.3187E+3,-6.3838E-3,,-4.8467E+3,,62.6762E-3,8.2007E+0,-403.0499E-9,2.0000E+0,1.3928E+3,-8.0610E-3,,-5.9333E+3,,,,,,,,,,,,,,,,,,,,,,,,,,,,,,,,,,,,,,,,,,,,,,,,,,,,,,,,,,,,,,,,,,,,,,,,,,,,,,,,,,,,,,,,,,,,,,,,,,,,,,,,,,,,,,,,,,,,,,,,,,
2.3180E-6,8.3006E+0,-4.7931E-6,-5.0000E+0,51.5100E-3,-95.8617E-3,,4.5057E+6,,2.1718E-6,8.3006E+0,-3.8748E-6,-4.5000E+0,48.2614E-3,-77.4965E-3,,4.1097E+6,,2.0268E-6,8.3006E+0,-3.1578E-6,-4.0000E+0,45.0385E-3,-63.1565E-3,,6.1095E+6,,2.0606E-6,8.3007E+0,-2.4953E-6,-3.5000E+0,45.7907E-3,-49.9068E-3,,17.0178E+6,,2.6852E-3,8.3007E+0,-2.0802E-6,-3.0000E+0,59.6713E+0,-41.6047E-3,,4.6157E+3,,10.0897E-3,8.3007E+0,-1.5268E-6,-2.5000E+0,224.2142E+0,-30.5353E-3,,7.9751E+3,,17.8417E-3,8.3007E+0,-1.1159E-6,-2.0000E+0,396.4777E+0,-22.3171E-3,,14.3335E+3,,25.3725E-3,8.3007E+0,-818.1541E-9,-1.5000E+0,563.8286E+0,-16.3631E-3,,24.8260E+3,,32.4652E-3,8.3007E+0,-612.6975E-9,-1.0000E+0,721.4420E+0,-12.2539E-3,,-86.0480E+3,,39.0256E-3,8.3007E+0,-503.6818E-9,-500.0000E-3,867.2263E+0,-10.0736E-3,,-15.8108E+3,,45.0425E-3,8.3007E+0,-373.6986E-9,000.0000E+0,1.0009E+3,-7.4740E-3,,-6.8923E+3,,50.4763E-3,8.3007E+0,-256.2956E-9,500.0000E-3,1.1217E+3,-5.1259E-3,,-5.0897E+3,,55.2707E-3,8.3007E+0,-180.8239E-9,1.0000E+0,1.2282E+3,-3.6165E-3,,-5.7000E+3,,59.3246E-3,8.3008E+0,-382.0860E-9,1.5000E+0,1.3183E+3,-7.6417E-3,,-5.1812E+3,,62.6601E-3,8.3008E+0,-382.0860E-9,2.0000E+0,1.3924E+3,-7.6417E-3,,-6.2009E+3,,,,,,,,,,,,,,,,,,,,,,,,,,,,,,,,,,,,,,,,,,,,,,,,,,,,,,,,,,,,,,,,,,,,,,,,,,,,,,,,,,,,,,,,,,,,,,,,,,,,,,,,,,,,,,,,,,,,,,,,,,
2.3477E-6,8.4007E+0,-4.8099E-6,-5.0000E+0,52.1712E-3,-96.1971E-3,,3.3627E+6,,2.1927E-6,8.4007E+0,-3.8790E-6,-4.5000E+0,48.7263E-3,-77.5803E-3,,4.7826E+6,,2.0433E-6,8.4007E+0,-3.1201E-6,-4.0000E+0,45.4060E-3,-62.4018E-3,,6.0495E+6,,2.0775E-6,8.4007E+0,-2.4702E-6,-3.5000E+0,46.1651E-3,-49.4036E-3,,5.9377E+6,,2.7042E-3,8.4007E+0,-2.0341E-6,-3.0000E+0,60.0935E+0,-40.6823E-3,,5.2660E+3,,10.0998E-3,8.4007E+0,-1.5939E-6,-2.5000E+0,224.4378E+0,-31.8770E-3,,9.9440E+3,,17.8479E-3,8.4007E+0,-1.0949E-6,-2.0000E+0,396.6159E+0,-21.8978E-3,,16.0864E+3,,25.3730E-3,8.4007E+0,-801.3812E-9,-1.5000E+0,563.8382E+0,-16.0276E-3,,233.5254E+3,,32.4603E-3,8.4008E+0,-562.3824E-9,-1.0000E+0,721.3332E+0,-11.2476E-3,,-20.4232E+3,,39.0181E-3,8.4008E+0,-499.4872E-9,-500.0000E-3,867.0608E+0,-9.9897E-3,,-13.4355E+3,,45.0282E-3,8.4008E+0,-369.5059E-9,000.0000E+0,1.0006E+3,-7.3901E-3,,-6.9997E+3,,50.4544E-3,8.4008E+0,-260.4902E-9,500.0000E-3,1.1212E+3,-5.2098E-3,,-4.5837E+3,,55.2516E-3,8.4008E+0,-260.4902E-9,1.0000E+0,1.2278E+3,-5.2098E-3,,-5.2162E+3,,59.3059E-3,8.4008E+0,-373.6986E-9,1.5000E+0,1.3179E+3,-7.4740E-3,,-5.3493E+3,,62.6413E-3,8.4008E+0,-369.5059E-9,2.0000E+0,1.3920E+3,-7.3901E-3,,-5.3364E+3,,,,,,,,,,,,,,,,,,,,,,,,,,,,,,,,,,,,,,,,,,,,,,,,,,,,,,,,,,,,,,,,,,,,,,,,,,,,,,,,,,,,,,,,,,,,,,,,,,,,,,,,,,,,,,,,,,,,,,,,,,
2.3611E-6,8.5004E+0,-4.8686E-6,-5.0000E+0,52.4675E-3,-97.3712E-3,,7.4785E+6,,2.2144E-6,8.5004E+0,-3.9461E-6,-4.5000E+0,49.2086E-3,-78.9221E-3,,4.5939E+6,,2.0688E-6,8.5004E+0,-3.1578E-6,-4.0000E+0,45.9734E-3,-63.1565E-3,,3.9055E+6,,2.1071E-6,8.5004E+0,-2.5457E-6,-3.5000E+0,46.8249E-3,-50.9131E-3,,3.3568E+6,,2.7256E-3,8.5005E+0,-2.0677E-6,-3.0000E+0,60.5691E+0,-41.3531E-3,,4.6589E+3,,10.1097E-3,8.5004E+0,-1.5897E-6,-2.5000E+0,224.6571E+0,-31.7932E-3,,10.1052E+3,,17.8542E-3,8.5004E+0,-1.0823E-6,-2.0000E+0,396.7551E+0,-21.6462E-3,,15.9294E+3,,25.3754E-3,8.5005E+0,-742.6788E-9,-1.5000E+0,563.8911E+0,-14.8536E-3,,41.8874E+3,,32.4572E-3,8.5005E+0,-642.0487E-9,-1.0000E+0,721.2634E+0,-12.8410E-3,,-31.7558E+3,,39.0101E-3,8.5005E+0,-562.3824E-9,-500.0000E-3,866.8830E+0,-11.2476E-3,,-12.4620E+3,,45.0117E-3,8.5005E+0,-436.5938E-9,000.0000E+0,1.0002E+3,-8.7319E-3,,-6.0312E+3,,50.4344E-3,8.5005E+0,-243.7173E-9,500.0000E-3,1.1208E+3,-4.8743E-3,,-4.9894E+3,,55.2329E-3,8.5005E+0,-205.9805E-9,1.0000E+0,1.2274E+3,-4.1196E-3,,-5.3397E+3,,59.2878E-3,8.5005E+0,-302.4197E-9,1.5000E+0,1.3175E+3,-6.0484E-3,,-5.5124E+3,,62.6234E-3,8.5005E+0,-382.0860E-9,2.0000E+0,1.3916E+3,-7.6417E-3,,-5.5794E+3,,,,,,,,,,,,,,,,,,,,,,,,,,,,,,,,,,,,,,,,,,,,,,,,,,,,,,,,,,,,,,,,,,,,,,,,,,,,,,,,,,,,,,,,,,,,,,,,,,,,,,,,,,,,,,,,,,,,,,,,,,
2.3944E-6,8.6005E+0,-4.8979E-6,-5.0000E+0,53.2093E-3,-97.9581E-3,,2.9971E+6,,2.2391E-6,8.6004E+0,-3.9671E-6,-4.5000E+0,49.7584E-3,-79.3414E-3,,4.0440E+6,,2.0936E-6,8.6004E+0,-3.2459E-6,-4.0000E+0,46.5242E-3,-64.9176E-3,,4.0358E+6,,2.1428E-6,8.6004E+0,-2.5415E-6,-3.5000E+0,47.6167E-3,-50.8292E-3,,2.8081E+6,,2.7475E-3,8.6005E+0,-2.0593E-6,-3.0000E+0,61.0542E+0,-41.1854E-3,,4.5831E+3,,10.1189E-3,8.6005E+0,-1.5687E-6,-2.5000E+0,224.8614E+0,-31.3739E-3,,10.8801E+3,,17.8583E-3,8.6005E+0,-1.1620E-6,-2.0000E+0,396.8479E+0,-23.2396E-3,,23.9539E+3,,25.3753E-3,8.6005E+0,-784.6083E-9,-1.5000E+0,563.8896E+0,-15.6922E-3,,-1.4920E+6,,32.4535E-3,8.6005E+0,-612.6975E-9,-1.0000E+0,721.1810E+0,-12.2539E-3,,-26.9868E+3,,39.0005E-3,8.6005E+0,-520.4529E-9,-500.0000E-3,866.6700E+0,-10.4091E-3,,-10.4367E+3,,44.9966E-3,8.6005E+0,-365.3131E-9,000.0000E+0,999.9142E+0,-7.3063E-3,,-6.6407E+3,,50.4115E-3,8.6006E+0,-264.6811E-9,500.0000E-3,1.1202E+3,-5.2936E-3,,-4.3559E+3,,55.2120E-3,8.6006E+0,-226.9444E-9,1.0000E+0,1.2269E+3,-4.5389E-3,,-4.7874E+3,,59.2706E-3,8.6006E+0,-344.3492E-9,1.5000E+0,1.3171E+3,-6.8870E-3,,-5.8179E+3,,62.6030E-3,8.6006E+0,-352.7348E-9,2.0000E+0,1.3912E+3,-7.0547E-3,,-4.8842E+3,,,,,,,,,,,,,,,,,,,,,,,,,,,,,,,,,,,,,,,,,,,,,,,,,,,,,,,,,,,,,,,,,,,,,,,,,,,,,,,,,,,,,,,,,,,,,,,,,,,,,,,,,,,,,,,,,,,,,,,,,,
2.4161E-6,8.7005E+0,-4.9273E-6,-5.0000E+0,53.6914E-3,-98.5452E-3,,4.6109E+6,,2.2588E-6,8.7005E+0,-3.9293E-6,-4.5000E+0,50.1941E-3,-78.5866E-3,,5.1016E+6,,2.1116E-6,8.7005E+0,-3.2207E-6,-4.0000E+0,46.9229E-3,-64.4144E-3,,5.5758E+6,,2.2015E-6,8.7005E+0,-2.5624E-6,-3.5000E+0,48.9211E-3,-51.2485E-3,,1.7042E+6,,2.7635E-3,8.7005E+0,-2.1054E-6,-3.0000E+0,61.4112E+0,-42.1079E-3,,6.2273E+3,,10.1281E-3,8.7005E+0,-1.6022E-6,-2.5000E+0,225.0670E+0,-32.0447E-3,,10.8108E+3,,17.8654E-3,8.7005E+0,-1.1326E-6,-2.0000E+0,397.0039E+0,-22.6525E-3,,14.2468E+3,,25.3750E-3,8.7005E+0,-826.5397E-9,-1.5000E+0,563.8837E+0,-16.5308E-3,,-378.2238E+3,,32.4482E-3,8.7006E+0,-600.1192E-9,-1.0000E+0,721.0639E+0,-12.0024E-3,,-18.9787E+3,,38.9916E-3,8.7006E+0,-528.8384E-9,-500.0000E-3,866.4722E+0,-10.5768E-3,,-11.2365E+3,,44.9809E-3,8.7006E+0,-335.9619E-9,000.0000E+0,999.5649E+0,-6.7192E-3,,-6.3632E+3,,50.3912E-3,8.7006E+0,-294.0324E-9,500.0000E-3,1.1198E+3,-5.8806E-3,,-4.9415E+3,,55.1910E-3,8.7006E+0,-247.9101E-9,1.0000E+0,1.2265E+3,-4.9582E-3,,-4.7562E+3,,59.2513E-3,8.7006E+0,-306.6107E-9,1.5000E+0,1.3167E+3,-6.1322E-3,,-5.1839E+3,,62.5839E-3,8.7006E+0,-394.6643E-9,2.0000E+0,1.3907E+3,-7.8933E-3,,-5.2471E+3,,,,,,,,,,,,,,,,,,,,,,,,,,,,,,,,,,,,,,,,,,,,,,,,,,,,,,,,,,,,,,,,,,,,,,,,,,,,,,,,,,,,,,,,,,,,,,,,,,,,,,,,,,,,,,,,,,,,,,,,,,
2.4433E-6,8.8005E+0,-4.9482E-6,-5.0000E+0,54.2949E-3,-98.9645E-3,,3.6831E+6,,2.2875E-6,8.8005E+0,-3.9796E-6,-4.5000E+0,50.8324E-3,-79.5930E-3,,3.4821E+6,,2.1365E-6,8.8005E+0,-3.2249E-6,-4.0000E+0,47.4778E-3,-64.4983E-3,,4.0056E+6,,2.2251E-6,8.8005E+0,-2.5750E-6,-3.5000E+0,49.4463E-3,-51.5001E-3,,4.2340E+6,,2.7816E-3,8.8005E+0,-2.1599E-6,-3.0000E+0,61.8137E+0,-43.1980E-3,,5.5210E+3,,10.1364E-3,8.8005E+0,-1.5729E-6,-2.5000E+0,225.2516E+0,-31.4577E-3,,12.0391E+3,,17.8705E-3,8.8005E+0,-1.2081E-6,-2.0000E+0,397.1174E+0,-24.1620E-3,,19.5905E+3,,25.3747E-3,8.8006E+0,-818.1541E-9,-1.5000E+0,563.8760E+0,-16.3631E-3,,-290.2514E+3,,32.4433E-3,8.8006E+0,-621.0830E-9,-1.0000E+0,720.9539E+0,-12.4217E-3,,-20.2174E+3,,38.9810E-3,8.8006E+0,-541.4167E-9,-500.0000E-3,866.2352E+0,-10.8283E-3,,-9.3805E+3,,44.9643E-3,8.8006E+0,-394.6643E-9,000.0000E+0,999.1977E+0,-7.8933E-3,,-6.0537E+3,,50.3690E-3,8.8006E+0,-285.6468E-9,500.0000E-3,1.1193E+3,-5.7129E-3,,-4.4973E+3,,55.1691E-3,8.8006E+0,-180.8239E-9,1.0000E+0,1.2260E+3,-3.6165E-3,,-4.5821E+3,,59.2365E-3,8.8006E+0,-310.8053E-9,1.5000E+0,1.3164E+3,-6.2161E-3,,-6.7646E+3,,62.5649E-3,8.8006E+0,-361.1203E-9,2.0000E+0,1.3903E+3,-7.2224E-3,,-5.2540E+3,,,,,,,,,,,,,,,,,,,,,,,,,,,,,,,,,,,,,,,,,,,,,,,,,,,,,,,,,,,,,,,,,,,,,,,,,,,,,,,,,,,,,,,,,,,,,,,,,,,,,,,,,,,,,,,,,,,,,,,,,,
2.4658E-6,8.9001E+0,-4.9608E-6,-5.0000E+0,54.7950E-3,-99.2160E-3,,4.4257E+6,,2.3093E-6,8.9001E+0,-4.0132E-6,-4.5000E+0,51.3183E-3,-80.2639E-3,,4.5563E+6,,2.1542E-6,8.9001E+0,-3.2123E-6,-4.0000E+0,47.8704E-3,-64.2467E-3,,5.6391E+6,,2.1994E-6,8.9002E+0,-2.6379E-6,-3.5000E+0,48.8753E-3,-52.7580E-3,,-3.8777E+6,,2.7984E-3,8.9002E+0,-2.1012E-6,-3.0000E+0,62.1870E+0,-42.0240E-3,,5.9310E+3,,10.1440E-3,8.9001E+0,-1.6064E-6,-2.5000E+0,225.4209E+0,-32.1286E-3,,13.0799E+3,,17.8734E-3,8.9002E+0,-1.2249E-6,-2.0000E+0,397.1827E+0,-24.4974E-3,,33.8692E+3,,25.3737E-3,8.9002E+0,-830.7325E-9,-1.5000E+0,563.8548E+0,-16.6146E-3,,-104.2504E+3,,32.4372E-3,8.9002E+0,-612.6975E-9,-1.0000E+0,720.8192E+0,-12.2539E-3,,-16.4340E+3,,38.9688E-3,8.9002E+0,-537.2240E-9,-500.0000E-3,865.9639E+0,-10.7445E-3,,-8.1576E+3,,44.9477E-3,8.9002E+0,-356.9276E-9,000.0000E+0,998.8271E+0,-7.1386E-3,,-5.9730E+3,,50.3453E-3,8.9002E+0,-189.2095E-9,500.0000E-3,1.1188E+3,-3.7842E-3,,-4.2131E+3,,55.1458E-3,8.9002E+0,-285.6468E-9,1.0000E+0,1.2255E+3,-5.7129E-3,,-4.2783E+3,,59.2174E-3,8.9002E+0,-344.3492E-9,1.5000E+0,1.3159E+3,-6.8870E-3,,-5.2128E+3,,62.5430E-3,8.9002E+0,-373.6986E-9,2.0000E+0,1.3898E+3,-7.4740E-3,,-4.5538E+3,,,,,,,,,,,,,,,,,,,,,,,,,,,,,,,,,,,,,,,,,,,,,,,,,,,,,,,,,,,,,,,,,,,,,,,,,,,,,,,,,,,,,,,,,,,,,,,,,,,,,,,,,,,,,,,,,,,,,,,,,,
2.4776E-6,9.0002E+0,-5.0321E-6,-5.0000E+0,55.0566E-3,-100.6417E-3,,8.4981E+6,,2.3306E-6,9.0002E+0,-4.0383E-6,-4.5000E+0,51.7904E-3,-80.7670E-3,,4.7093E+6,,2.1679E-6,9.0002E+0,-3.3172E-6,-4.0000E+0,48.1742E-3,-66.3432E-3,,7.3170E+6,,2.2268E-6,9.0002E+0,-2.6211E-6,-3.5000E+0,49.4842E-3,-52.4225E-3,,3.6498E+6,,2.8157E-3,9.0002E+0,-2.1054E-6,-3.0000E+0,62.5702E+0,-42.1079E-3,,5.8012E+3,,10.1513E-3,9.0002E+0,-1.5897E-6,-2.5000E+0,225.5813E+0,-31.7932E-3,,13.8555E+3,,17.8767E-3,9.0002E+0,-1.2207E-6,-2.0000E+0,397.2571E+0,-24.4136E-3,,29.9041E+3,,25.3713E-3,9.0002E+0,-847.5054E-9,-1.5000E+0,563.8016E+0,-16.9501E-3,,-41.7943E+3,,32.4285E-3,9.0002E+0,-537.2240E-9,-1.0000E+0,720.6270E+0,-10.7445E-3,,-11.5653E+3,,38.9585E-3,9.0002E+0,-583.3481E-9,-500.0000E-3,865.7350E+0,-11.6670E-3,,-9.7126E+3,,44.9293E-3,9.0003E+0,-365.3131E-9,000.0000E+0,998.4199E+0,-7.3063E-3,,-5.4595E+3,,50.3228E-3,9.0003E+0,-231.1390E-9,500.0000E-3,1.1183E+3,-4.6228E-3,,-4.4418E+3,,55.1212E-3,9.0003E+0,-256.2956E-9,1.0000E+0,1.2249E+3,-5.1259E-3,,-4.0580E+3,,59.2018E-3,9.0003E+0,-361.1203E-9,1.5000E+0,1.3156E+3,-7.2224E-3,,-6.3968E+3,,62.5246E-3,9.0003E+0,-386.2770E-9,2.0000E+0,1.3894E+3,-7.7255E-3,,-5.4273E+3,,,,,,,,,,,,,,,,,,,,,,,,,,,,,,,,,,,,,,,,,,,,,,,,,,,,,,,,,,,,,,,,,,,,,,,,,,,,,,,,,,,,,,,,,,,,,,,,,,,,,,,,,,,,,,,,,,,,,,,,,,
2.5079E-6,9.1002E+0,-5.0572E-6,-5.0000E+0,55.7306E-3,-101.1448E-3,,3.2987E+6,,2.3486E-6,9.1002E+0,-4.0551E-6,-4.5000E+0,52.1905E-3,-81.1024E-3,,5.5549E+6,,2.1897E-6,9.1002E+0,-3.2501E-6,-4.0000E+0,48.6605E-3,-65.0014E-3,,4.5707E+6,,2.2467E-6,9.1002E+0,-2.6714E-6,-3.5000E+0,49.9261E-3,-53.4289E-3,,5.0299E+6,,2.8306E-3,9.1002E+0,-2.1347E-6,-3.0000E+0,62.9020E+0,-42.6949E-3,,6.6987E+3,,10.1586E-3,9.1002E+0,-1.6316E-6,-2.5000E+0,225.7441E+0,-32.6318E-3,,13.6521E+3,,17.8801E-3,9.1002E+0,-1.2081E-6,-2.0000E+0,397.3314E+0,-24.1620E-3,,29.9010E+3,,25.3690E-3,9.1002E+0,-839.1180E-9,-1.5000E+0,563.7500E+0,-16.7824E-3,,-43.0355E+3,,32.4215E-3,9.1003E+0,-621.0830E-9,-1.0000E+0,720.4705E+0,-12.4217E-3,,-14.2013E+3,,38.9440E-3,9.1003E+0,-600.1192E-9,-500.0000E-3,865.4134E+0,-12.0024E-3,,-6.9117E+3,,44.9114E-3,9.1003E+0,-356.9276E-9,000.0000E+0,998.0209E+0,-7.1386E-3,,-5.5712E+3,,50.2999E-3,9.1003E+0,-218.5607E-9,500.0000E-3,1.1178E+3,-4.3712E-3,,-4.3619E+3,,55.0953E-3,9.1003E+0,-281.4540E-9,1.0000E+0,1.2243E+3,-5.6291E-3,,-3.8701E+3,,59.1858E-3,9.1003E+0,-314.9980E-9,1.5000E+0,1.3152E+3,-6.3000E-3,,-6.2638E+3,,62.5035E-3,9.1003E+0,-424.0155E-9,2.0000E+0,1.3890E+3,-8.4803E-3,,-4.7512E+3,,,,,,,,,,,,,,,,,,,,,,,,,,,,,,,,,,,,,,,,,,,,,,,,,,,,,,,,,,,,,,,,,,,,,,,,,,,,,,,,,,,,,,,,,,,,,,,,,,,,,,,,,,,,,,,,,,,,,,,,,,
2.5365E-6,9.1999E+0,-5.0237E-6,-5.0000E+0,56.3668E-3,-100.4739E-3,,3.4834E+6,,2.3772E-6,9.1999E+0,-4.0887E-6,-4.5000E+0,52.8262E-3,-81.7733E-3,,3.4860E+6,,2.2079E-6,9.1999E+0,-3.2375E-6,-4.0000E+0,49.0630E-3,-64.7499E-3,,5.5065E+6,,2.2654E-6,9.1999E+0,-2.6756E-6,-3.5000E+0,50.3418E-3,-53.5127E-3,,5.3315E+6,,2.8450E-3,9.2000E+0,-2.1180E-6,-3.0000E+0,63.2215E+0,-42.3594E-3,,6.9369E+3,,10.1646E-3,9.1999E+0,-1.6064E-6,-2.5000E+0,225.8773E+0,-32.1286E-3,,16.6429E+3,,17.8823E-3,9.2000E+0,-1.2165E-6,-2.0000E+0,397.3797E+0,-24.3297E-3,,45.9180E+3,,25.3660E-3,9.2000E+0,-864.2746E-9,-1.5000E+0,563.6822E+0,-17.2855E-3,,-32.7048E+3,,32.4140E-3,9.2000E+0,-646.2415E-9,-1.0000E+0,720.3049E+0,-12.9248E-3,,-13.3836E+3,,38.9321E-3,9.2000E+0,-541.4167E-9,-500.0000E-3,865.1499E+0,-10.8283E-3,,-8.4096E+3,,44.8933E-3,9.2000E+0,-419.8209E-9,000.0000E+0,997.6187E+0,-8.3964E-3,,-5.5100E+3,,50.2771E-3,9.2000E+0,-180.8239E-9,500.0000E-3,1.1173E+3,-3.6165E-3,,-4.3768E+3,,55.0711E-3,9.2000E+0,-243.7173E-9,1.0000E+0,1.2238E+3,-4.8743E-3,,-4.1156E+3,,59.1664E-3,9.2000E+0,-340.1565E-9,1.5000E+0,1.3148E+3,-6.8031E-3,,-5.1447E+3,,62.4840E-3,9.2000E+0,-444.9794E-9,2.0000E+0,1.3885E+3,-8.8996E-3,,-5.1141E+3,,,,,,,,,,,,,,,,,,,,,,,,,,,,,,,,,,,,,,,,,,,,,,,,,,,,,,,,,,,,,,,,,,,,,,,,,,,,,,,,,,,,,,,,,,,,,,,,,,,,,,,,,,,,,,,,,,,,,,,,,,
2.5492E-6,9.3000E+0,-5.1076E-6,-5.0000E+0,56.6480E-3,-102.1511E-3,,7.9053E+6,,2.3935E-6,9.2999E+0,-4.0383E-6,-4.5000E+0,53.1884E-3,-80.7670E-3,,6.1381E+6,,2.2361E-6,9.3000E+0,-3.2920E-6,-4.0000E+0,49.6906E-3,-65.8400E-3,,3.5417E+6,,2.2921E-6,9.3000E+0,-2.6631E-6,-3.5000E+0,50.9344E-3,-53.2611E-3,,3.7511E+6,,2.8593E-3,9.3000E+0,-2.2018E-6,-3.0000E+0,63.5395E+0,-44.0366E-3,,6.9904E+3,,10.1714E-3,9.3000E+0,-1.6358E-6,-2.5000E+0,226.0296E+0,-32.7157E-3,,14.5935E+3,,17.8842E-3,9.3000E+0,-1.2207E-6,-2.0000E+0,397.4220E+0,-24.4136E-3,,52.5008E+3,,25.3627E-3,9.3000E+0,-847.5054E-9,-1.5000E+0,563.6108E+0,-16.9501E-3,,-31.1521E+3,,32.4051E-3,9.3000E+0,-616.8921E-9,-1.0000E+0,720.1059E+0,-12.3378E-3,,-11.1708E+3,,38.9187E-3,9.3000E+0,-520.4529E-9,-500.0000E-3,864.8513E+0,-10.4091E-3,,-7.4446E+3,,44.8752E-3,9.3000E+0,-356.9276E-9,000.0000E+0,997.2174E+0,-7.1386E-3,,-5.5389E+3,,50.2540E-3,9.3001E+0,-256.2956E-9,500.0000E-3,1.1167E+3,-5.1259E-3,,-4.3306E+3,,55.0464E-3,9.3001E+0,-268.8739E-9,1.0000E+0,1.2232E+3,-5.3775E-3,,-4.0489E+3,,59.1478E-3,9.3001E+0,-377.8914E-9,1.5000E+0,1.3144E+3,-7.5578E-3,,-5.3836E+3,,62.4641E-3,9.3001E+0,-432.4011E-9,2.0000E+0,1.3881E+3,-8.6480E-3,,-5.0282E+3,,,,,,,,,,,,,,,,,,,,,,,,,,,,,,,,,,,,,,,,,,,,,,,,,,,,,,,,,,,,,,,,,,,,,,,,,,,,,,,,,,,,,,,,,,,,,,,,,,,,,,,,,,,,,,,,,,,,,,,,,,
2.5703E-6,9.4000E+0,-5.1579E-6,-5.0000E+0,57.1178E-3,-103.1574E-3,,4.7304E+6,,2.4191E-6,9.4000E+0,-4.1306E-6,-4.5000E+0,53.7576E-3,-82.6119E-3,,3.9052E+6,,2.2521E-6,9.4000E+0,-3.3381E-6,-4.0000E+0,50.0464E-3,-66.7625E-3,,6.2478E+6,,2.3132E-6,9.4000E+0,-2.7385E-6,-3.5000E+0,51.4036E-3,-54.7706E-3,,4.7368E+6,,2.8740E-3,9.4000E+0,-2.2521E-6,-3.0000E+0,63.8667E+0,-45.0430E-3,,6.7933E+3,,10.1777E-3,9.4000E+0,-1.6190E-6,-2.5000E+0,226.1687E+0,-32.3802E-3,,15.9861E+3,,17.8862E-3,9.4000E+0,-1.2291E-6,-2.0000E+0,397.4662E+0,-24.5813E-3,,50.3286E+3,,25.3597E-3,9.4000E+0,-818.1541E-9,-1.5000E+0,563.5443E+0,-16.3631E-3,,-33.3978E+3,,32.3960E-3,9.4000E+0,-642.0487E-9,-1.0000E+0,719.9032E+0,-12.8410E-3,,-10.9640E+3,,38.9036E-3,9.4001E+0,-545.6113E-9,-500.0000E-3,864.5148E+0,-10.9122E-3,,-6.6077E+3,,44.8561E-3,9.4001E+0,-356.9276E-9,000.0000E+0,996.7918E+0,-7.1386E-3,,-5.2233E+3,,50.2311E-3,9.4001E+0,-226.9444E-9,500.0000E-3,1.1162E+3,-4.5389E-3,,-4.3581E+3,,55.0201E-3,9.4001E+0,-231.1390E-9,1.0000E+0,1.2227E+3,-4.6228E-3,,-3.8075E+3,,59.1265E-3,9.4001E+0,-319.1890E-9,1.5000E+0,1.3139E+3,-6.3838E-3,,-4.6938E+3,,62.4449E-3,9.4001E+0,-419.8209E-9,2.0000E+0,1.3877E+3,-8.3964E-3,,-5.2160E+3,,,,,,,,,,,,,,,,,,,,,,,,,,,,,,,,,,,,,,,,,,,,,,,,,,,,,,,,,,,,,,,,,,,,,,,,,,,,,,,,,,,,,,,,,,,,,,,,,,,,,,,,,,,,,,,,,,,,,,,,,,
2.5892E-6,9.5000E+0,-5.1663E-6,-5.0000E+0,57.5373E-3,-103.3252E-3,,5.3003E+6,,2.4399E-6,9.5000E+0,-4.1641E-6,-4.5000E+0,54.2201E-3,-83.2828E-3,,4.8059E+6,,2.2793E-6,9.5000E+0,-3.2668E-6,-4.0000E+0,50.6506E-3,-65.3369E-3,,3.6793E+6,,2.3542E-6,9.5000E+0,-2.7553E-6,-3.5000E+0,52.3154E-3,-55.1061E-3,,2.4373E+6,,2.8861E-3,9.5001E+0,-2.2815E-6,-3.0000E+0,64.1341E+0,-45.6299E-3,,8.3129E+3,,10.1845E-3,9.5000E+0,-1.6693E-6,-2.5000E+0,226.3203E+0,-33.3865E-3,,14.6544E+3,,17.8881E-3,9.5000E+0,-1.2626E-6,-2.0000E+0,397.5101E+0,-25.2522E-3,,50.6180E+3,,25.3557E-3,9.5001E+0,-822.3451E-9,-1.5000E+0,563.4550E+0,-16.4469E-3,,-24.8837E+3,,32.3859E-3,9.5001E+0,-625.2776E-9,-1.0000E+0,719.6799E+0,-12.5056E-3,,-9.9561E+3,,38.8886E-3,9.5001E+0,-533.0330E-9,-500.0000E-3,864.1828E+0,-10.6607E-3,,-6.6941E+3,,44.8374E-3,9.5001E+0,-432.4011E-9,000.0000E+0,996.3757E+0,-8.6480E-3,,-5.3427E+3,,50.2061E-3,9.5001E+0,-193.4022E-9,500.0000E-3,1.1157E+3,-3.8680E-3,,-4.0120E+3,,54.9944E-3,9.5001E+0,-268.8739E-9,1.0000E+0,1.2221E+3,-5.3775E-3,,-3.8813E+3,,59.1053E-3,9.5001E+0,-352.7348E-9,1.5000E+0,1.3134E+3,-7.0547E-3,,-4.7071E+3,,62.4271E-3,9.5001E+0,-491.1017E-9,2.0000E+0,1.3873E+3,-9.8220E-3,,-5.6081E+3,,,,,,,,,,,,,,,,,,,,,,,,,,,,,,,,,,,,,,,,,,,,,,,,,,,,,,,,,,,,,,,,,,,,,,,,,,,,,,,,,,,,,,,,,,,,,,,,,,,,,,,,,,,,,,,,,,,,,,,,,,
2.6107E-6,9.5999E+0,-5.1746E-6,-5.0000E+0,58.0157E-3,-103.4929E-3,,4.6383E+6,,2.4446E-6,9.5999E+0,-4.1977E-6,-4.5000E+0,54.3231E-3,-83.9537E-3,,21.5467E+6,,2.3021E-6,9.5999E+0,-3.3884E-6,-4.0000E+0,51.1576E-3,-67.7688E-3,,4.3768E+6,,2.3866E-6,9.5999E+0,-2.7595E-6,-3.5000E+0,53.0346E-3,-55.1899E-3,,3.0864E+6,,2.8986E-3,9.5999E+0,-2.2228E-6,-3.0000E+0,64.4127E+0,-44.4560E-3,,7.9652E+3,,10.1889E-3,9.5999E+0,-1.6274E-6,-2.5000E+0,226.4174E+0,-32.5479E-3,,22.8618E+3,,17.8878E-3,9.5999E+0,-1.2794E-6,-2.0000E+0,397.5028E+0,-25.5876E-3,,-304.5760E+3,,25.3508E-3,9.5999E+0,-830.7325E-9,-1.5000E+0,563.3453E+0,-16.6146E-3,,-20.2468E+3,,32.3754E-3,9.5999E+0,-713.3276E-9,-1.0000E+0,719.4470E+0,-14.2666E-3,,-9.5287E+3,,38.8742E-3,9.5999E+0,-533.0330E-9,-500.0000E-3,863.8614E+0,-10.6607E-3,,-6.9046E+3,,44.8173E-3,9.6000E+0,-424.0155E-9,000.0000E+0,995.9303E+0,-8.4803E-3,,-4.9820E+3,,50.1816E-3,9.6000E+0,-243.7173E-9,500.0000E-3,1.1151E+3,-4.8743E-3,,-4.0714E+3,,54.9664E-3,9.6000E+0,-310.8053E-9,1.0000E+0,1.2215E+3,-6.2161E-3,,-3.5648E+3,,59.0813E-3,9.6000E+0,-373.6986E-9,1.5000E+0,1.3129E+3,-7.4740E-3,,-4.1630E+3,,62.4080E-3,9.6000E+0,-440.7848E-9,2.0000E+0,1.3868E+3,-8.8157E-3,,-5.2283E+3,,,,,,,,,,,,,,,,,,,,,,,,,,,,,,,,,,,,,,,,,,,,,,,,,,,,,,,,,,,,,,,,,,,,,,,,,,,,,,,,,,,,,,,,,,,,,,,,,,,,,,,,,,,,,,,,,,,,,,,,,,
2.6475E-6,9.7000E+0,-5.1830E-6,-5.0000E+0,58.8323E-3,-103.6606E-3,,2.7260E+6,,2.4841E-6,9.7001E+0,-4.2312E-6,-4.5000E+0,55.2017E-3,-84.6245E-3,,2.5340E+6,,2.3271E-6,9.7000E+0,-3.4304E-6,-4.0000E+0,51.7128E-3,-68.6074E-3,,4.0096E+6,,2.4022E-6,9.7000E+0,-2.8392E-6,-3.5000E+0,53.3819E-3,-56.7832E-3,,6.4046E+6,,2.9095E-3,9.7001E+0,-2.2773E-6,-3.0000E+0,64.6543E+0,-45.5461E-3,,9.2112E+3,,10.1955E-3,9.7001E+0,-1.6484E-6,-2.5000E+0,226.5635E+0,-32.9672E-3,,15.2417E+3,,17.8894E-3,9.7001E+0,-1.2920E-6,-2.0000E+0,397.5374E+0,-25.8392E-3,,64.3399E+3,,25.3446E-3,9.7001E+0,-876.8548E-9,-1.5000E+0,563.2076E+0,-17.5371E-3,,-16.1611E+3,,32.3649E-3,9.7001E+0,-738.4879E-9,-1.0000E+0,719.2137E+0,-14.7698E-3,,-9.5394E+3,,38.8571E-3,9.7001E+0,-537.2240E-9,-500.0000E-3,863.4815E+0,-10.7445E-3,,-5.8603E+3,,44.7958E-3,9.7001E+0,-390.4697E-9,000.0000E+0,995.4518E+0,-7.8094E-3,,-4.6519E+3,,50.1584E-3,9.7001E+0,-164.0510E-9,500.0000E-3,1.1146E+3,-3.2810E-3,,-4.3127E+3,,54.9397E-3,9.7002E+0,-281.4540E-9,1.0000E+0,1.2209E+3,-5.6291E-3,,-3.7582E+3,,59.0564E-3,9.7002E+0,-377.8914E-9,1.5000E+0,1.3124E+3,-7.5578E-3,,-4.0279E+3,,62.3893E-3,9.7002E+0,-407.2426E-9,2.0000E+0,1.3864E+3,-8.1449E-3,,-5.3481E+3,,,,,,,,,,,,,,,,,,,,,,,,,,,,,,,,,,,,,,,,,,,,,,,,,,,,,,,,,,,,,,,,,,,,,,,,,,,,,,,,,,,,,,,,,,,,,,,,,,,,,,,,,,,,,,,,,,,,,,,,,,
2.6686E-6,9.8002E+0,-5.2250E-6,-5.0000E+0,59.3014E-3,-104.4992E-3,,4.7456E+6,,2.5108E-6,9.8002E+0,-4.2899E-6,-4.5000E+0,55.7949E-3,-85.7986E-3,,3.7528E+6,,2.3535E-6,9.8002E+0,-3.4891E-6,-4.0000E+0,52.2992E-3,-69.7815E-3,,3.7968E+6,,2.4810E-6,9.8003E+0,-2.8643E-6,-3.5000E+0,55.1320E-3,-57.2864E-3,,1.2733E+6,,2.9202E-3,9.8003E+0,-2.2857E-6,-3.0000E+0,64.8930E+0,-45.7138E-3,,9.3276E+3,,10.1994E-3,9.8002E+0,-1.6442E-6,-2.5000E+0,226.6506E+0,-32.8833E-3,,25.5412E+3,,17.8900E-3,9.8003E+0,-1.2962E-6,-2.0000E+0,397.5519E+0,-25.9230E-3,,153.6702E+3,,25.3391E-3,9.8003E+0,-906.2041E-9,-1.5000E+0,563.0848E+0,-18.1241E-3,,-18.1337E+3,,32.3534E-3,9.8003E+0,-738.4879E-9,-1.0000E+0,718.9574E+0,-14.7698E-3,,-8.6872E+3,,38.8408E-3,9.8003E+0,-528.8384E-9,-500.0000E-3,863.1192E+0,-10.5768E-3,,-6.1446E+3,,44.7757E-3,9.8003E+0,-394.6643E-9,000.0000E+0,995.0063E+0,-7.8933E-3,,-4.9981E+3,,50.1325E-3,9.8003E+0,-247.9101E-9,500.0000E-3,1.1140E+3,-4.9582E-3,,-3.8703E+3,,54.9140E-3,9.8003E+0,-273.0685E-9,1.0000E+0,1.2203E+3,-5.4614E-3,,-3.9021E+3,,59.0318E-3,9.8004E+0,-348.5402E-9,1.5000E+0,1.3118E+3,-6.9708E-3,,-4.0660E+3,,62.3709E-3,9.8004E+0,-449.1721E-9,2.0000E+0,1.3860E+3,-8.9834E-3,,-5.4439E+3,,,,,,,,,,,,,,,,,,,,,,,,,,,,,,,,,,,,,,,,,,,,,,,,,,,,,,,,,,,,,,,,,,,,,,,,,,,,,,,,,,,,,,,,,,,,,,,,,,,,,,,,,,,,,,,,,,,,,,,,,,
2.6996E-6,9.9001E+0,-5.2208E-6,-5.0000E+0,59.9895E-3,-104.4153E-3,,3.2263E+6,,2.5286E-6,9.9001E+0,-4.2857E-6,-4.5000E+0,56.1902E-3,-85.7147E-3,,5.6146E+6,,2.3725E-6,9.9001E+0,-3.4639E-6,-4.0000E+0,52.7223E-3,-69.2783E-3,,5.2461E+6,,2.4799E-6,9.9001E+0,-2.8811E-6,-3.5000E+0,55.1079E-3,-57.6218E-3,,-92.3488E+6,,2.9322E-3,9.9002E+0,-2.2899E-6,-3.0000E+0,65.1593E+0,-45.7977E-3,,8.3354E+3,,10.2037E-3,9.9001E+0,-1.7029E-6,-2.5000E+0,226.7469E+0,-34.0574E-3,,23.0435E+3,,17.8895E-3,9.9002E+0,-1.3507E-6,-2.0000E+0,397.5416E+0,-27.0132E-3,,-215.3628E+3,,25.3337E-3,9.9002E+0,-977.4867E-9,-1.5000E+0,562.9656E+0,-19.5497E-3,,-18.6127E+3,,32.3424E-3,9.9002E+0,-700.7493E-9,-1.0000E+0,718.7117E+0,-14.0150E-3,,-9.0358E+3,,38.8241E-3,9.9002E+0,-524.6457E-9,-500.0000E-3,862.7500E+0,-10.4929E-3,,-6.0110E+3,,44.7533E-3,9.9002E+0,-499.4872E-9,000.0000E+0,994.5072E+0,-9.9897E-3,,-4.4470E+3,,50.1074E-3,9.9002E+0,-273.0685E-9,500.0000E-3,1.1135E+3,-5.4614E-3,,-3.9904E+3,,54.8876E-3,9.9002E+0,-260.4902E-9,1.0000E+0,1.2197E+3,-5.2098E-3,,-3.7826E+3,,59.0079E-3,9.9002E+0,-344.3492E-9,1.5000E+0,1.3113E+3,-6.8870E-3,,-4.1761E+3,,62.3502E-3,9.9002E+0,-419.8209E-9,2.0000E+0,1.3855E+3,-8.3964E-3,,-4.8351E+3,,,,,,,,,,,,,,,,,,,,,,,,,,,,,,,,,,,,,,,,,,,,,,,,,,,,,,,,,,,,,,,,,,,,,,,,,,,,,,,,,,,,,,,,,,,,,,,,,,,,,,,,,,,,,,,,,,,,,,,,,,
2.7053E-6,10.0003E+0,-5.2669E-6,-5.0000E+0,60.1165E-3,-105.3377E-3,,17.5209E+6,,2.5455E-6,10.0003E+0,-4.2815E-6,-4.5000E+0,56.5656E-3,-85.6309E-3,,5.9317E+6,,2.3929E-6,10.0003E+0,-3.4933E-6,-4.0000E+0,53.1751E-3,-69.8653E-3,,4.9157E+6,,2.4974E-6,10.0003E+0,-2.8895E-6,-3.5000E+0,55.4977E-3,-57.7896E-3,,5.7134E+6,,2.9419E-3,10.0003E+0,-2.2983E-6,-3.0000E+0,65.3756E+0,-45.9654E-3,,10.2951E+3,,10.2080E-3,10.0003E+0,-1.6777E-6,-2.5000E+0,226.8432E+0,-33.5542E-3,,23.1323E+3,,17.8885E-3,10.0003E+0,-1.3590E-6,-2.0000E+0,397.5194E+0,-27.1809E-3,,-100.1499E+3,,25.3277E-3,10.0003E+0,-881.0475E-9,-1.5000E+0,562.8323E+0,-17.6210E-3,,-16.6970E+3,,32.3294E-3,10.0004E+0,-717.5222E-9,-1.0000E+0,718.4242E+0,-14.3504E-3,,-7.7406E+3,,38.8071E-3,10.0004E+0,-553.9969E-9,-500.0000E-3,862.3716E+0,-11.0799E-3,,-5.8831E+3,,44.7327E-3,10.0004E+0,-470.1360E-9,000.0000E+0,994.0512E+0,-9.4027E-3,,-4.8810E+3,,50.0816E-3,10.0004E+0,-252.1028E-9,500.0000E-3,1.1129E+3,-5.0421E-3,,-3.8686E+3,,54.8589E-3,10.0004E+0,-268.8739E-9,1.0000E+0,1.2191E+3,-5.3775E-3,,-3.4860E+3,,58.9809E-3,10.0004E+0,-340.1565E-9,1.5000E+0,1.3107E+3,-6.8031E-3,,-3.7109E+3,,62.3328E-3,10.0004E+0,-440.7848E-9,2.0000E+0,1.3852E+3,-8.8157E-3,,-5.7607E+3,,,,,,,,,,,,,,,,,,,,,,,,,,,,,,,,,,,,,,,,,,,,,,,,,,,,,,,,,,,,,,,,,,,,,,,,,,,,,,,,,,,,,,,,,,,,,,,,,,,,,,,,,,,,,,,,,,,,,,,,,,
